model_name,learning_rate,selected_epoch,train_loss,val_loss,test_loss,test_elapsed_sec,test_ms_per_sample,overall_wmape,overall_mae,overall_rmse,weather_wmape,weather_mae,weather_rmse,holiday_wmape,holiday_mae,holiday_rmse,large_scale_event_wmape,large_scale_event_mae,large_scale_event_rmse
DAG_CatEmb,0.0001,12.0000,0.2433,0.3043,0.2422,22.6616,0.6366,0.1106,4.2387,13.3646,0.1402,5.8599,20.7730,0.1494,6.1898,19.9557,0.1172,5.1692,16.6251
TimeXer_CatEmb,3e-05,12.0000,0.1944,0.2144,0.1731,6.8108,0.1913,0.1152,4.4372,13.4135,0.1453,6.0815,20.8736,0.1490,6.1842,19.4935,0.1235,5.4658,16.8588
TimesFM2p5,,,,,,1657.2172,46.5510,0.1160,4.4566,13.6894,0.1448,6.0623,21.0445,0.1585,6.5813,20.5793,0.1208,5.3408,16.8811
DAG_Ordinal,0.0001,24.0000,0.2776,0.3388,0.2817,14.5578,0.4089,0.1108,4.2467,13.3996,0.1404,5.8710,20.7982,0.1510,6.2604,20.1297,0.1182,5.2083,16.6535
XLinear_OneHot,0.0001,13.0000,0.1647,0.2019,0.1631,9.8197,0.2758,0.1088,4.1710,13.0701,0.1343,5.6148,20.0888,0.1380,5.7177,18.8504,0.1146,5.0574,16.3291
DAG_PureEndo,3e-05,27.0000,0.1723,0.2114,0.1666,11.9146,0.3347,0.1114,4.2688,13.4666,0.1414,5.9137,20.8808,0.1539,6.3797,20.3470,0.1155,5.0976,16.6494
CATS_OneHot,0.0001,7.0000,0.1850,0.2065,0.1666,38.1029,1.0703,0.1106,4.2382,12.9444,0.1322,5.5125,19.4305,0.1399,5.7899,18.9537,0.1147,5.0518,16.0747
PMDformer,3e-05,29.0000,0.1710,0.2088,0.1638,6.4777,0.1820,0.1097,4.2002,13.4119,0.1401,5.8580,20.8573,0.1509,6.2544,20.1757,0.1148,5.0650,16.6387
TimeXer_Ordinal,0.001,8.0000,0.1866,0.2034,0.1663,6.1981,0.1741,0.1107,4.2579,13.0582,0.1367,5.7142,19.8326,0.1461,6.0644,19.5226,0.1174,5.1864,16.2492
PETformer,0.0001,27.0000,0.1705,0.2059,0.1623,7.0531,0.1981,0.1086,4.1587,13.3736,0.1399,5.8505,20.8673,0.1524,6.3168,20.3288,0.1137,5.0113,16.5392
STID,0.001,8.0000,0.1724,0.2126,0.1698,5.2791,0.1483,0.1136,4.3538,13.5705,0.1437,6.0179,21.0397,0.1556,6.4537,20.3186,0.1188,5.2540,16.9206
TiDE_CatEmb,0.003,9.0000,0.1818,0.2266,0.1818,16.1895,0.4548,0.1214,4.6713,13.6486,0.1496,6.2611,20.9510,0.1622,6.7314,20.5388,0.1245,5.5014,16.7548
SOFTS,0.0003,13.0000,0.1599,0.2075,0.1661,5.4298,0.1525,0.1114,4.2643,13.4810,0.1419,5.9363,20.9276,0.1540,6.3821,20.3456,0.1169,5.1578,16.8160
XLinear_OneHot,0.003,13.0000,0.1579,0.1995,0.1642,10.2655,0.2884,0.1094,4.2007,12.9026,0.1319,5.5135,19.4007,0.1376,5.7020,18.5974,0.1153,5.0957,16.1098
XLinear_OneHot,0.0003,7.0000,0.1629,0.1997,0.1634,9.8265,0.2760,0.1090,4.1801,13.1116,0.1338,5.5914,19.9940,0.1390,5.7621,19.0387,0.1150,5.0810,16.3975
TimeFilter,3e-05,29.0000,0.2716,0.2112,0.1665,8.8727,0.2492,0.1115,4.2712,13.3862,0.1402,5.8631,20.7298,0.1521,6.3051,20.1465,0.1147,5.0589,16.4587
DLinear,0.001,5.0000,0.1962,0.2390,0.1874,5.7587,0.1618,0.1249,4.7874,13.6459,0.1515,6.3206,20.7860,0.1614,6.6808,19.9549,0.1261,5.5566,16.4409
SegRNN,0.001,11.0000,0.1630,0.2093,0.1672,6.7774,0.1904,0.1122,4.2972,13.6214,0.1413,5.9101,20.9592,0.1544,6.4026,20.5502,0.1200,5.2982,17.0791
CATS_Ordinal,3e-05,9.0000,0.2584,0.2133,0.1682,9.2726,0.2605,0.1124,4.3052,13.3579,0.1390,5.8135,20.5407,0.1484,6.1513,19.6627,0.1163,5.1311,16.4972
XLinear_PureEndo,0.001,6.0000,0.1691,0.2097,0.1674,5.2707,0.1481,0.1122,4.2972,13.4548,0.1417,5.9293,20.8641,0.1528,6.3342,20.1725,0.1171,5.1665,16.7156
XLinear_CatEmb,0.003,5.0000,0.1627,0.2005,0.1633,6.2037,0.1743,0.1088,4.1742,12.8411,0.1310,5.4710,19.3136,0.1340,5.5518,18.3939,0.1149,5.0711,15.9117
DLinear,0.003,1.0000,0.2699,0.2990,0.2575,6.1993,0.1741,0.1667,6.4308,14.5736,0.1875,7.7549,21.2528,0.1962,8.0766,20.5186,0.1633,7.1504,17.2000
DAG_PureEndo,0.0001,17.0000,0.1693,0.2086,0.1650,12.1674,0.3418,0.1103,4.2278,13.4583,0.1407,5.8864,20.8858,0.1534,6.3590,20.3839,0.1150,5.0719,16.7068
XLinear_PureEndo,0.0003,18.0000,0.1665,0.2082,0.1668,5.2984,0.1488,0.1118,4.2830,13.4583,0.1408,5.8904,20.8468,0.1527,6.3286,20.2593,0.1165,5.1421,16.7076
TimeXer_OneHot,0.0003,14.0000,0.1851,0.2038,0.1659,9.0727,0.2549,0.1103,4.2447,13.0069,0.1380,5.7711,20.0326,0.1403,5.8232,18.9451,0.1173,5.1829,16.2870
CATS_OneHot,3e-05,11.0000,0.2245,0.2056,0.1668,38.2250,1.0737,0.1108,4.2516,13.1462,0.1334,5.5710,19.7534,0.1397,5.7853,19.1742,0.1153,5.0883,16.3303
RMLP,0.003,1.0000,0.2005,0.2376,0.1827,6.2561,0.1757,0.1229,4.7066,13.8222,0.1494,6.2517,20.9952,0.1614,6.6942,20.3934,0.1245,5.4992,16.7411
DAG_OneHot,3e-05,20.0000,0.2386,0.2932,0.2359,97.9032,2.7501,0.1100,4.2127,13.3349,0.1396,5.8367,20.7213,0.1478,6.1257,19.8594,0.1148,5.0647,16.5861
CrossGNN,0.0001,30.0000,0.1807,0.2189,0.1694,20.6213,0.5793,0.1135,4.3477,13.6614,0.1422,5.9471,21.0139,0.1545,6.4011,20.4393,0.1179,5.2029,16.9605
iTransformer,0.0003,17.0000,0.1628,0.2082,0.1665,5.0800,0.1427,0.1117,4.2757,13.4727,0.1410,5.8991,20.8783,0.1518,6.2896,20.1649,0.1169,5.1588,16.7947
TimeMixer,3e-05,10.0000,0.1689,0.2137,0.1674,100.6218,2.8265,0.1124,4.3022,13.4862,0.1420,5.9406,20.9032,0.1557,6.4547,20.4022,0.1161,5.1211,16.6612
TiDE_OneHot,0.003,30.0000,0.1473,0.2016,0.1566,30.4920,0.8565,0.1043,3.9962,12.4258,0.1293,5.3969,18.9571,0.1282,5.3049,17.2863,0.1104,4.8662,15.8068
DLinear,0.0001,6.0000,0.1829,0.2290,0.1752,6.4101,0.1801,0.1176,4.5031,13.4999,0.1446,6.0496,20.6550,0.1551,6.4272,19.8077,0.1193,5.2670,16.3141
CrossLinear_OneHot,3e-05,29.0000,0.1632,0.2039,0.1623,24.5469,0.6895,0.1083,4.1504,12.9974,0.1325,5.5345,19.6530,0.1403,5.8143,18.9385,0.1141,5.0309,16.2524
DAG_OneHot,0.0003,7.0000,0.2344,0.2905,0.2346,98.2918,2.7610,0.1092,4.1842,13.2898,0.1389,5.8068,20.6764,0.1470,6.0913,19.7781,0.1142,5.0341,16.5652
RMLP,0.0003,11.0000,0.1715,0.2166,0.1697,6.2538,0.1757,0.1139,4.3602,13.4861,0.1433,5.9918,20.8561,0.1560,6.4634,20.3190,0.1178,5.1946,16.6082
CrossGNN,0.001,13.0000,0.1792,0.2175,0.1679,20.9136,0.5875,0.1125,4.3085,13.5859,0.1417,5.9260,21.0007,0.1542,6.3922,20.4542,0.1170,5.1615,16.8149
DAG_PureEndo,0.003,5.0000,0.1675,0.2092,0.1659,12.0796,0.3393,0.1109,4.2516,13.4257,0.1408,5.8904,20.8284,0.1523,6.3151,20.2345,0.1152,5.0834,16.6846
TiDE_CatEmb,3e-05,18.0000,0.1708,0.2149,0.1695,15.7647,0.4428,0.1137,4.3507,13.5226,0.1435,6.0010,20.9360,0.1603,6.6481,20.5721,0.1176,5.1901,16.7077
TimeMixer,0.0003,4.0000,0.1630,0.2105,0.1665,100.3500,2.8188,0.1119,4.2825,13.4607,0.1415,5.9223,20.8682,0.1550,6.4263,20.3594,0.1160,5.1177,16.6617
CrossLinear_OneHot,0.0001,23.0000,0.1549,0.1990,0.1594,22.8699,0.6424,0.1063,4.0729,12.8199,0.1295,5.4084,19.1768,0.1366,5.6607,18.6743,0.1128,4.9782,16.0749
CrossLinear_OneHot,0.0003,11.0000,0.1540,0.1973,0.1581,23.6080,0.6631,0.1053,4.0348,12.6551,0.1277,5.3295,18.9007,0.1337,5.5383,18.3321,0.1109,4.8881,15.9208
SeasonalMean,,,,,,8.2659,0.2322,0.1285,4.9161,14.3729,0.1509,6.3106,20.9028,0.1701,7.0521,20.8536,0.1224,5.3946,16.3177
TimeXer_PureEndo,3e-05,22.0000,0.1983,0.2162,0.1734,5.8181,0.1634,0.1157,4.4501,13.5374,0.1454,6.0825,20.9636,0.1568,6.5060,20.4118,0.1193,5.2729,16.7623
SparseTSF_MLP,0.003,3.0000,0.1800,0.2207,0.1698,6.8219,0.1916,0.1140,4.3642,13.5538,0.1418,5.9343,20.9209,0.1539,6.3816,20.3180,0.1176,5.1954,16.6961
TimeFilter,0.003,3.0000,0.2734,0.2129,0.1700,9.0601,0.2545,0.1138,4.3622,13.4689,0.1427,5.9693,20.8460,0.1541,6.3885,20.2568,0.1162,5.1233,16.5273
XLinear_PureEndo,3e-05,28.0000,0.1762,0.2144,0.1689,5.6844,0.1597,0.1132,4.3369,13.5847,0.1426,5.9660,20.9929,0.1544,6.3990,20.3970,0.1185,5.2292,16.9068
XLinear_PureEndo,0.003,6.0000,0.1713,0.2127,0.1697,5.4530,0.1532,0.1137,4.3579,13.4812,0.1424,5.9581,20.8356,0.1532,6.3482,20.0930,0.1182,5.2146,16.6839
CrossLinear_CatEmb,3e-05,24.0000,0.1642,0.2050,0.1637,9.9057,0.2782,0.1093,4.1887,13.1535,0.1335,5.5751,19.7976,0.1456,6.0345,19.5822,0.1141,5.0331,16.2527
PETformer,0.003,3.0000,0.1744,0.2106,0.1656,8.1809,0.2298,0.1108,4.2433,13.4327,0.1420,5.9392,20.9200,0.1538,6.3780,20.4042,0.1151,5.0730,16.5334
CATS_Ordinal,0.0003,1.0000,0.2500,0.2225,0.1772,9.3646,0.2631,0.1178,4.5146,13.5161,0.1439,6.0044,20.7171,0.1525,6.3135,19.7883,0.1209,5.3246,16.6768
TQNet,0.0001,23.0000,0.1668,0.2131,0.1683,5.3350,0.1499,0.1129,4.3212,13.4646,0.1420,5.9400,20.8417,0.1540,6.3845,20.2310,0.1168,5.1519,16.6376
DUET,0.003,1.0000,0.2090,0.6918,0.6689,5.8720,0.1649,0.1172,4.5013,13.7024,0.1467,6.1392,21.0943,0.1561,6.4757,20.3141,0.1230,5.4409,17.0848
TQNet,3e-05,27.0000,0.1731,0.2163,0.1702,5.3753,0.1510,0.1141,4.3710,13.4873,0.1426,5.9656,20.8265,0.1546,6.4073,20.1740,0.1178,5.1986,16.6093
TimeMixer,0.003,3.0000,0.1660,0.2101,0.1663,100.8823,2.8338,0.1116,4.2743,13.4646,0.1416,5.9259,20.9061,0.1557,6.4548,20.4305,0.1157,5.1085,16.6877
Leddam,0.003,8.0000,0.1653,0.2100,0.1685,5.5523,0.1560,0.1129,4.3287,13.5298,0.1430,5.9835,20.9720,0.1542,6.3926,20.2838,0.1174,5.1822,16.6720
DAG_PureEndo,0.001,5.0000,0.1679,0.2089,0.1655,12.5323,0.3520,0.1107,4.2406,13.4456,0.1411,5.9034,20.8718,0.1541,6.3879,20.3891,0.1149,5.0700,16.7198
TimeMixer,0.001,3.0000,0.1626,0.2092,0.1658,100.4860,2.8226,0.1113,4.2612,13.4673,0.1411,5.9024,20.9037,0.1548,6.4204,20.4166,0.1159,5.1125,16.7314
XLinear_OneHot,0.001,5.0000,0.1614,0.1985,0.1647,9.3236,0.2619,0.1097,4.2109,13.0920,0.1328,5.5483,19.8100,0.1378,5.7134,18.9399,0.1157,5.1154,16.4295
PMDformer,0.0003,30.0000,0.1572,0.2020,0.1609,6.7902,0.1907,0.1078,4.1266,13.3091,0.1386,5.7978,20.7595,0.1485,6.1570,20.0657,0.1130,4.9833,16.5265
TiDE_Ordinal,0.001,29.0000,0.1617,0.2112,0.1663,12.8010,0.3596,0.1115,4.2682,13.4524,0.1418,5.9314,20.8585,0.1554,6.4440,20.4100,0.1162,5.1238,16.6095
TiDE_PureEndo,0.0001,18.0000,0.1668,0.2122,0.1670,13.4311,0.3773,0.1120,4.2869,13.4582,0.1421,5.9418,20.8720,0.1552,6.4336,20.3866,0.1168,5.1514,16.6712
CrossLinear_CatEmb,0.0001,14.0000,0.1579,0.2007,0.1602,9.6784,0.2719,0.1068,4.0941,12.8946,0.1304,5.4475,19.3255,0.1381,5.7253,18.7981,0.1124,4.9602,16.1372
CrossLinear_Ordinal,0.001,14.0000,0.1500,0.1999,0.1609,6.2285,0.1750,0.1073,4.1143,12.8233,0.1287,5.3757,18.8522,0.1425,5.9161,19.1041,0.1131,4.9914,16.0602
TQNet,0.0003,23.0000,0.1626,0.2117,0.1676,5.1171,0.1437,0.1124,4.3025,13.4830,0.1419,5.9378,20.8860,0.1544,6.4016,20.3041,0.1169,5.1596,16.7379
TimeXer_Ordinal,3e-05,19.0000,0.1937,0.2126,0.1733,5.9046,0.1659,0.1155,4.4452,13.4485,0.1439,6.0222,20.7216,0.1553,6.4483,19.9690,0.1217,5.3807,16.6692
CATS_Ordinal,0.001,1.0000,0.3311,0.2257,0.1830,9.4788,0.2663,0.1211,4.6422,13.6202,0.1448,6.0343,20.5455,0.1560,6.4546,19.9584,0.1265,5.5633,16.8687
CrossLinear_PureEndo,0.0001,13.0000,0.1629,0.2088,0.1663,5.6602,0.1590,0.1115,4.2703,13.5183,0.1416,5.9242,20.9222,0.1546,6.4111,20.4660,0.1169,5.1553,16.8357
XLinear_Ordinal,3e-05,28.0000,0.1736,0.2105,0.1676,5.2871,0.1485,0.1120,4.2957,13.2989,0.1381,5.7742,20.3675,0.1476,6.1215,19.4690,0.1166,5.1485,16.4965
TimeXer_Ordinal,0.003,3.0000,0.1979,0.2118,0.1704,6.0204,0.1691,0.1137,4.3711,13.4648,0.1434,6.0022,20.8842,0.1506,6.2534,19.9907,0.1187,5.2434,16.7294
CrossLinear_CatEmb,0.003,5.0000,0.1546,0.1973,0.1594,9.8223,0.2759,0.1063,4.0741,12.6974,0.1278,5.3371,18.8594,0.1327,5.4989,18.2478,0.1118,4.9303,15.8849
CATS_CatEmb,0.003,1.0000,0.3988,0.2283,0.1879,19.6769,0.5527,0.1243,4.7670,13.5664,0.1454,6.0545,20.3304,0.1563,6.4580,19.7332,0.1282,5.6470,16.8087
SparseTSF_MLP,0.001,17.0000,0.1786,0.2195,0.1689,6.6165,0.1859,0.1134,4.3423,13.5992,0.1420,5.9407,20.9879,0.1553,6.4423,20.5340,0.1176,5.1933,16.7472
TiDE_PureEndo,0.0003,19.0000,0.1642,0.2117,0.1674,13.4461,0.3777,0.1122,4.2946,13.4967,0.1430,5.9804,20.9440,0.1562,6.4745,20.4601,0.1173,5.1764,16.7260
CATS_CatEmb,0.0001,5.0000,0.3233,0.2079,0.1666,19.2548,0.5409,0.1109,4.2507,13.0715,0.1339,5.5906,19.7107,0.1422,5.8862,19.1550,0.1174,5.1780,16.3348
SegRNN,0.003,4.0000,0.1655,0.2103,0.1672,7.1797,0.2017,0.1122,4.2983,13.6380,0.1425,5.9645,21.0255,0.1558,6.4632,20.6100,0.1208,5.3358,17.0958
ModernTCN,0.001,2.0000,0.1487,0.2083,0.1673,7.3885,0.2075,0.1121,4.2950,13.4340,0.1420,5.9400,20.8307,0.1561,6.4733,20.4346,0.1155,5.0977,16.5472
DLinear,0.0003,2.0000,0.1853,0.2311,0.1773,5.9619,0.1675,0.1189,4.5524,13.5233,0.1459,6.0996,20.6874,0.1564,6.4789,19.8370,0.1202,5.3011,16.3350
CrossLinear_PureEndo,0.001,5.0000,0.1625,0.2081,0.1655,5.4308,0.1525,0.1110,4.2513,13.5085,0.1412,5.9102,20.9435,0.1537,6.3751,20.4231,0.1171,5.1705,16.8627
TiDE_OneHot,0.0001,12.0000,0.1598,0.2074,0.1607,19.6374,0.5516,0.1073,4.1079,12.9761,0.1379,5.7646,20.4400,0.1320,5.4594,18.3071,0.1135,5.0064,16.3139
Leddam,0.0003,8.0000,0.1599,0.2075,0.1667,5.2487,0.1474,0.1117,4.2797,13.4669,0.1417,5.9277,20.8669,0.1534,6.3606,20.2954,0.1163,5.1333,16.6841
XLinear_CatEmb,0.001,7.0000,0.1598,0.1981,0.1614,5.7306,0.1610,0.1075,4.1237,12.8565,0.1300,5.4313,19.4205,0.1326,5.4929,18.5218,0.1144,5.0551,16.3045
TimeXer_PureEndo,0.003,2.0000,0.1983,0.2123,0.1708,5.8713,0.1649,0.1140,4.3841,13.5426,0.1443,6.0397,20.9806,0.1559,6.4711,20.4675,0.1187,5.2471,16.8163
TimeXer_PureEndo,0.001,8.0000,0.1908,0.2104,0.1702,5.7587,0.1618,0.1135,4.3670,13.4499,0.1445,6.0479,20.9269,0.1542,6.4017,20.2877,0.1183,5.2317,16.6953
CrossLinear_Ordinal,0.0001,20.0000,0.1574,0.2025,0.1624,6.5085,0.1828,0.1086,4.1587,13.0300,0.1310,5.4725,19.2722,0.1476,6.1237,19.6601,0.1140,5.0308,16.2450
PatchTST,0.0001,27.0000,0.1645,0.2047,0.1614,7.4678,0.2098,0.1081,4.1382,13.3699,0.1395,5.8356,20.8476,0.1508,6.2547,20.3176,0.1136,5.0123,16.6127
TiDE_CatEmb,0.0003,21.0000,0.1636,0.2112,0.1665,15.9025,0.4467,0.1116,4.2713,13.4524,0.1420,5.9404,20.8549,0.1562,6.4735,20.4841,0.1163,5.1299,16.6095
Leddam,0.001,4.0000,0.1636,0.2083,0.1677,5.5542,0.1560,0.1125,4.3080,13.5432,0.1423,5.9551,20.9282,0.1547,6.4150,20.3834,0.1169,5.1590,16.6985
DAG_Ordinal,0.003,4.0000,0.2868,0.3426,0.2877,15.1856,0.4266,0.1118,4.2844,13.4516,0.1422,5.9461,20.8687,0.1553,6.4387,20.3411,0.1167,5.1482,16.6788
STID,3e-05,30.0000,0.1764,0.2174,0.1709,4.9516,0.1391,0.1145,4.3878,13.5891,0.1436,6.0098,20.9742,0.1557,6.4582,20.3385,0.1193,5.2685,16.8608
TimeXer_CatEmb,0.001,10.0000,0.1858,0.2045,0.1649,6.8011,0.1910,0.1096,4.2179,13.0383,0.1402,5.8620,20.4555,0.1360,5.6435,18.5640,0.1160,5.1263,16.4391
Chronos2_FullExo,,,,,,2176.2167,61.1297,0.1089,4.1740,13.2409,0.1363,5.7027,20.0807,0.1523,6.3190,20.3163,0.1155,5.1008,16.3382
CATS_PureEndo,0.003,2.0000,0.3678,0.2863,0.2424,7.7326,0.2172,0.1610,6.1758,17.1292,0.1815,7.5643,23.0107,0.1900,7.8369,22.8932,0.1626,7.1886,21.0587
Leddam,0.0001,13.0000,0.1616,0.2083,0.1669,5.4367,0.1527,0.1118,4.2843,13.4729,0.1420,5.9415,20.9106,0.1530,6.3427,20.2512,0.1173,5.1755,16.7615
PhaseFormer,3e-05,30.0000,0.1875,0.2312,0.1776,5.2819,0.1484,0.1192,4.5671,13.7206,0.1451,6.0705,20.9141,0.1535,6.3592,19.9997,0.1253,5.5464,17.0615
DUET,0.0001,5.0000,0.1913,0.2489,0.1991,6.4183,0.1803,0.1147,4.3972,13.5719,0.1437,6.0107,20.9716,0.1539,6.3793,20.2263,0.1193,5.2667,16.8569
Crossformer,0.003,3.0000,0.1737,0.2076,0.1694,8.5227,0.2394,0.1127,4.3248,13.5521,0.1434,5.9962,20.9869,0.1550,6.4253,20.5070,0.1165,5.1373,16.6795
iTransformer,0.001,10.0000,0.1647,0.2084,0.1671,4.8576,0.1365,0.1121,4.2907,13.4999,0.1416,5.9260,20.8927,0.1538,6.3760,20.3233,0.1169,5.1586,16.7867
DAG_CatEmb,0.001,10.0000,0.2357,0.2951,0.2367,22.7350,0.6386,0.1094,4.1913,13.3455,0.1393,5.8246,20.7423,0.1474,6.1086,19.8679,0.1176,5.1887,16.7298
XLinear_Ordinal,0.0001,23.0000,0.1671,0.2067,0.1668,5.2898,0.1486,0.1112,4.2694,13.1070,0.1361,5.6874,19.9529,0.1437,5.9590,19.0726,0.1160,5.1220,16.3346
CATS_OneHot,0.0003,3.0000,0.1797,0.2065,0.1660,38.0169,1.0679,0.1103,4.2253,12.9488,0.1321,5.5102,19.5299,0.1379,5.7033,18.7583,0.1159,5.1056,16.1279
TiDE_OneHot,0.001,29.0000,0.1470,0.2034,0.1577,19.8883,0.5587,0.1051,4.0260,12.5520,0.1309,5.4660,19.3208,0.1316,5.4452,17.5896,0.1123,4.9503,15.9192
SegRNN,0.0001,18.0000,0.1714,0.2104,0.1674,7.8450,0.2204,0.1122,4.2977,13.6579,0.1424,5.9601,21.0930,0.1545,6.4045,20.5498,0.1207,5.3275,17.1364
Crossformer,0.001,8.0000,0.1617,0.2015,0.1656,8.3405,0.2343,0.1105,4.2412,13.4717,0.1404,5.8769,20.8490,0.1522,6.3136,20.3307,0.1152,5.0905,16.6898
XLinear_PureEndo,0.0001,20.0000,0.1712,0.2104,0.1669,5.5671,0.1564,0.1119,4.2858,13.4855,0.1412,5.9089,20.8995,0.1526,6.3261,20.2756,0.1169,5.1575,16.7678
PMDformer,0.0001,30.0000,0.1642,0.2039,0.1614,6.6148,0.1858,0.1081,4.1367,13.3394,0.1390,5.8137,20.8045,0.1496,6.1983,20.1268,0.1132,4.9904,16.5781
TimeBase,0.0001,8.0000,0.1920,0.2411,0.1812,6.8167,0.1915,0.1222,4.6744,13.6784,0.1437,6.0079,20.3836,0.1553,6.4365,19.6731,0.1209,5.3422,16.1938
Crossformer,3e-05,30.0000,0.1821,0.2148,0.1765,7.8217,0.2197,0.1181,4.5370,13.9748,0.1447,6.0561,21.2457,0.1550,6.4283,20.6553,0.1296,5.7430,17.6266
SegRNN,3e-05,30.0000,0.1768,0.2147,0.1715,7.0814,0.1989,0.1150,4.4086,13.7390,0.1440,6.0278,21.1202,0.1546,6.4078,20.4293,0.1240,5.4800,17.2165
CATS_OneHot,0.001,1.0000,0.2800,0.2258,0.1945,37.8842,1.0642,0.1269,4.8808,14.1269,0.1503,6.2450,20.7115,0.1576,6.5112,20.0324,0.1260,5.5359,16.8633
CrossLinear_OneHot,0.003,10.0000,0.1515,0.1972,0.1591,23.5655,0.6620,0.1060,4.0657,12.7076,0.1276,5.3291,18.7841,0.1345,5.5747,18.6146,0.1117,4.9295,15.9751
SparseTSF_MLP,3e-05,30.0000,0.1832,0.2265,0.1731,6.0762,0.1707,0.1161,4.4468,13.6409,0.1428,5.9717,20.9580,0.1549,6.4227,20.4347,0.1203,5.3168,16.7976
XLinear_Ordinal,0.001,13.0000,0.1603,0.2009,0.1632,5.8834,0.1653,0.1088,4.1752,12.9741,0.1325,5.5339,19.5735,0.1411,5.8469,19.1448,0.1136,5.0140,16.0919
DAG_OneHot,0.0001,14.0000,0.2339,0.2911,0.2346,98.5591,2.7685,0.1090,4.1740,13.2992,0.1388,5.8032,20.6367,0.1476,6.1146,19.9137,0.1141,5.0328,16.5505
ModernTCN,0.003,2.0000,0.1495,0.2087,0.1683,7.2569,0.2038,0.1128,4.3212,13.4425,0.1420,5.9432,20.8146,0.1567,6.4968,20.4586,0.1165,5.1406,16.6116
Moirai2,,,,,,4885.5706,137.2351,0.1218,4.6779,13.7984,0.1466,6.1298,20.9209,0.1589,6.5932,20.3806,0.1260,5.5722,17.0568
iTransformer,3e-05,28.0000,0.1740,0.2142,0.1696,5.2666,0.1479,0.1137,4.3552,13.5738,0.1422,5.9464,20.9394,0.1529,6.3350,20.2492,0.1183,5.2219,16.8291
DAG_CatEmb,3e-05,22.0000,0.2481,0.3054,0.2448,22.7895,0.6402,0.1117,4.2795,13.4681,0.1412,5.9051,20.8768,0.1538,6.3740,20.3087,0.1186,5.2332,16.7128
DUET,3e-05,6.0000,0.1945,0.2969,0.2466,5.6249,0.1580,0.1177,4.5148,13.6455,0.1456,6.0916,20.9829,0.1555,6.4463,20.2125,0.1215,5.3717,16.8701
TimeBase,0.003,4.0000,0.1920,0.2409,0.1813,6.5107,0.1829,0.1223,4.6763,13.6854,0.1437,6.0090,20.3965,0.1551,6.4283,19.6609,0.1211,5.3512,16.2118
SOFTS,0.003,5.0000,0.1634,0.2099,0.1673,5.1437,0.1445,0.1122,4.2954,13.4740,0.1418,5.9332,20.8935,0.1532,6.3490,20.2384,0.1171,5.1707,16.7662
TiDE_Ordinal,3e-05,19.0000,0.1707,0.2149,0.1684,12.7831,0.3591,0.1129,4.3210,13.4748,0.1426,5.9668,20.8741,0.1558,6.4560,20.3766,0.1171,5.1676,16.6220
XLinear_CatEmb,0.0003,15.0000,0.1593,0.1986,0.1649,5.6008,0.1573,0.1098,4.2168,13.0318,0.1336,5.5843,19.7126,0.1381,5.7263,18.9491,0.1155,5.1024,16.2412
RMLP,0.001,30.0000,0.1666,0.2155,0.1691,6.7309,0.1891,0.1135,4.3427,13.5049,0.1428,5.9734,20.8812,0.1557,6.4507,20.3573,0.1175,5.1848,16.6157
RMLP,3e-05,29.0000,0.1741,0.2187,0.1701,6.4503,0.1812,0.1141,4.3675,13.5108,0.1433,5.9925,20.8958,0.1560,6.4668,20.3161,0.1179,5.2006,16.6334
TiDE_Ordinal,0.0003,11.0000,0.1682,0.2130,0.1672,12.8943,0.3622,0.1121,4.2901,13.4513,0.1422,5.9488,20.8723,0.1549,6.4209,20.3831,0.1165,5.1374,16.6181
TimeFilter,0.0003,14.0000,0.2623,0.2062,0.1645,9.0865,0.2552,0.1102,4.2189,13.3581,0.1398,5.8445,20.7584,0.1515,6.2771,20.1707,0.1139,5.0257,16.5079
TiDE_CatEmb,0.0001,17.0000,0.1669,0.2130,0.1673,15.6806,0.4405,0.1122,4.2929,13.4649,0.1424,5.9559,20.8765,0.1572,6.5157,20.4893,0.1164,5.1335,16.6339
DAG_OneHot,0.003,1.0000,0.2655,0.3020,0.2470,98.5199,2.7674,0.1118,4.2857,13.4367,0.1416,5.9182,20.8298,0.1518,6.2919,20.1272,0.1166,5.1409,16.7012
TimeFilter,0.001,12.0000,0.2624,0.2062,0.1653,8.9455,0.2513,0.1107,4.2404,13.3830,0.1403,5.8679,20.7668,0.1515,6.2783,20.1943,0.1141,5.0293,16.4932
PhaseFormer,0.003,20.0000,0.1798,0.2190,0.1714,6.6889,0.1879,0.1151,4.4113,13.6879,0.1432,5.9930,21.0349,0.1529,6.3394,20.2571,0.1226,5.4231,17.0691
TimeXer_PureEndo,0.0001,6.0000,0.1987,0.2160,0.1734,5.8935,0.1655,0.1156,4.4494,13.5492,0.1455,6.0902,20.9885,0.1564,6.4932,20.4012,0.1194,5.2765,16.7801
TimeXer_PureEndo,0.0003,8.0000,0.1938,0.2116,0.1705,5.8652,0.1648,0.1138,4.3739,13.5066,0.1445,6.0479,20.9844,0.1560,6.4734,20.5039,0.1174,5.1874,16.7110
TQNet,0.003,2.0000,0.1902,0.2305,0.1794,5.5041,0.1546,0.1202,4.6126,13.5961,0.1462,6.1162,20.7885,0.1568,6.5036,20.0100,0.1223,5.4032,16.6370
XLinear_OneHot,3e-05,28.0000,0.1702,0.2060,0.1644,9.2631,0.2602,0.1098,4.2073,13.2143,0.1369,5.7254,20.4062,0.1409,5.8399,19.0988,0.1162,5.1315,16.5687
DAG_CatEmb,0.0003,5.0000,0.2472,0.3018,0.2422,22.6734,0.6369,0.1104,4.2297,13.3818,0.1403,5.8664,20.7905,0.1487,6.1598,19.9748,0.1189,5.2507,16.8241
CrossLinear_PureEndo,3e-05,25.0000,0.1677,0.2096,0.1665,5.4276,0.1525,0.1116,4.2730,13.5259,0.1418,5.9294,20.9474,0.1542,6.3921,20.4235,0.1168,5.1508,16.7886
TimeXer_CatEmb,0.003,3.0000,0.1986,0.2143,0.1717,6.1116,0.1717,0.1146,4.4068,13.4880,0.1441,6.0290,20.8815,0.1565,6.4969,20.3828,0.1183,5.2235,16.7232
CrossLinear_Ordinal,0.0003,18.0000,0.1523,0.2003,0.1608,6.7451,0.1895,0.1073,4.1137,12.8708,0.1293,5.3991,19.0102,0.1440,5.9735,19.3565,0.1116,4.9217,15.9965
PETformer,0.001,10.0000,0.1656,0.2041,0.1609,8.3164,0.2336,0.1078,4.1243,13.3491,0.1396,5.8389,20.8628,0.1520,6.3034,20.4160,0.1130,4.9817,16.4755
TimeXer_OneHot,3e-05,19.0000,0.1938,0.2121,0.1707,9.2917,0.2610,0.1136,4.3733,13.2596,0.1432,5.9891,20.6548,0.1446,6.0021,19.0190,0.1201,5.3066,16.6685
CATS_CatEmb,3e-05,9.0000,0.3232,0.2106,0.1681,19.3332,0.5431,0.1119,4.2960,13.2873,0.1358,5.6734,20.1027,0.1439,5.9643,19.3563,0.1174,5.1837,16.4741
PETformer,0.0003,14.0000,0.1678,0.2047,0.1618,8.8865,0.2496,0.1083,4.1455,13.3649,0.1405,5.8767,20.9144,0.1530,6.3433,20.3920,0.1136,5.0084,16.5100
XLinear_CatEmb,0.0001,23.0000,0.1632,0.2001,0.1628,5.3804,0.1511,0.1086,4.1636,13.0625,0.1337,5.5869,19.9915,0.1364,5.6510,18.7883,0.1147,5.0629,16.3165
DAG_Ordinal,0.001,6.0000,0.2792,0.3408,0.2856,15.1265,0.4249,0.1111,4.2597,13.4170,0.1410,5.8983,20.8304,0.1521,6.3071,20.1892,0.1181,5.2053,16.5625
TiDE_OneHot,3e-05,20.0000,0.1642,0.2106,0.1638,19.8155,0.5566,0.1096,4.1941,13.1344,0.1403,5.8669,20.6631,0.1375,5.6903,18.6830,0.1161,5.1228,16.5386
DAG_OneHot,0.001,15.0000,0.2284,0.2882,0.2336,98.5526,2.7683,0.1092,4.1819,13.2974,0.1391,5.8178,20.6860,0.1469,6.0887,19.8294,0.1143,5.0426,16.5505
DUET,0.0003,3.0000,0.1916,0.4571,0.4101,5.7241,0.1608,0.1149,4.4102,13.5968,0.1440,6.0274,21.0092,0.1540,6.3867,20.2814,0.1188,5.2498,16.8557
XLinear_Ordinal,0.003,3.0000,0.1695,0.2061,0.1663,5.1859,0.1457,0.1110,4.2549,13.0789,0.1350,5.6405,19.8257,0.1423,5.8938,19.0386,0.1163,5.1277,16.1889
CATS_Ordinal,0.003,1.0000,0.4970,0.2860,0.2600,9.2892,0.2609,0.1707,6.6572,15.9102,0.1920,8.0608,22.7227,0.1950,8.1269,21.7601,0.1727,7.7196,19.4646
ModernTCN,3e-05,13.0000,0.1562,0.2077,0.1667,6.6755,0.1875,0.1117,4.2794,13.4234,0.1416,5.9250,20.8578,0.1512,6.2687,20.1138,0.1171,5.1709,16.7805
CrossLinear_OneHot,0.001,10.0000,0.1512,0.1966,0.1579,23.4738,0.6594,0.1051,4.0315,12.6525,0.1269,5.2964,18.7419,0.1328,5.5047,18.4316,0.1100,4.8541,15.8710
DAG_Ordinal,3e-05,30.0000,0.2838,0.3416,0.2847,15.2801,0.4292,0.1126,4.3154,13.4749,0.1420,5.9370,20.8690,0.1549,6.4224,20.3035,0.1206,5.3161,16.7374
CrossLinear_Ordinal,0.003,7.0000,0.1542,0.1997,0.1607,6.7878,0.1907,0.1071,4.1080,12.8031,0.1293,5.3996,18.8779,0.1409,5.8423,19.0374,0.1129,4.9798,16.0226
CATS_Ordinal,0.0001,4.0000,0.2449,0.2146,0.1709,9.5624,0.2686,0.1139,4.3631,13.2872,0.1375,5.7417,20.1485,0.1508,6.2471,19.6335,0.1174,5.1712,16.3808
TimeMixer,0.0001,4.0000,0.1690,0.2128,0.1667,100.5750,2.8251,0.1119,4.2832,13.4497,0.1417,5.9298,20.8751,0.1550,6.4281,20.3431,0.1160,5.1194,16.6510
PETformer,3e-05,27.0000,0.1757,0.2101,0.1652,7.5349,0.2117,0.1107,4.2372,13.4712,0.1411,5.9006,20.9289,0.1536,6.3666,20.3703,0.1157,5.1011,16.6673
TimeBase,0.001,4.0000,0.1920,0.2410,0.1814,7.1980,0.2022,0.1224,4.6789,13.7003,0.1438,6.0145,20.4043,0.1554,6.4389,19.6845,0.1210,5.3467,16.2105
CATS_PureEndo,3e-05,8.0000,0.2854,0.2170,0.1695,8.0374,0.2258,0.1136,4.3494,13.4887,0.1423,5.9514,20.8733,0.1550,6.4240,20.3556,0.1166,5.1433,16.6071
STID,0.0003,11.0000,0.1717,0.2116,0.1676,5.9081,0.1660,0.1122,4.2988,13.4772,0.1419,5.9412,20.9151,0.1542,6.3974,20.2238,0.1166,5.1485,16.7437
PatchTST,0.001,9.0000,0.1601,0.2044,0.1623,7.6236,0.2141,0.1088,4.1656,13.4330,0.1403,5.8698,20.8987,0.1521,6.3097,20.4116,0.1141,5.0337,16.6984
Chronos2_NoExo,,,,,,737.4264,20.7142,0.1126,4.3172,13.4867,0.1414,5.9176,20.8039,0.1544,6.4068,20.3186,0.1172,5.1737,16.6032
Leddam,3e-05,23.0000,0.1665,0.2107,0.1686,5.7361,0.1611,0.1130,4.3289,13.4919,0.1423,5.9520,20.8851,0.1535,6.3645,20.2299,0.1177,5.1954,16.7706
Crossformer,0.0001,27.0000,0.1671,0.2036,0.1652,8.2415,0.2315,0.1105,4.2340,13.5187,0.1389,5.8116,20.8595,0.1521,6.3062,20.4421,0.1158,5.1091,16.7206
PatchTST,3e-05,25.0000,0.1706,0.2076,0.1627,6.6860,0.1878,0.1089,4.1716,13.4325,0.1399,5.8527,20.8908,0.1521,6.3043,20.3926,0.1145,5.0504,16.7131
PhaseFormer,0.0003,20.0000,0.1828,0.2250,0.1736,6.4748,0.1819,0.1166,4.4670,13.6612,0.1437,6.0113,20.9061,0.1534,6.3593,20.1413,0.1234,5.4610,16.9881
TimeFilter,0.0001,21.0000,0.2654,0.2067,0.1641,8.9586,0.2516,0.1099,4.2061,13.3027,0.1390,5.8121,20.6719,0.1494,6.1873,19.9976,0.1137,5.0120,16.4166
DAG_CatEmb,0.003,3.0000,0.2481,0.3010,0.2477,22.5971,0.6348,0.1138,4.3725,13.6180,0.1443,6.0363,21.0357,0.1574,6.5307,20.5741,0.1205,5.3235,16.9415
TimeXer_OneHot,0.0001,20.0000,0.1884,0.2089,0.1687,9.0072,0.2530,0.1122,4.3191,13.1372,0.1416,5.9249,20.5004,0.1446,6.0087,18.9128,0.1203,5.3189,16.5235
TimeXer_CatEmb,0.0003,10.0000,0.1853,0.2047,0.1657,7.1554,0.2010,0.1101,4.2370,12.9316,0.1362,5.6901,19.7083,0.1402,5.8201,18.7681,0.1156,5.1067,16.3450
TimerS1,,,,,,8248.5704,231.7014,0.1121,4.2947,13.4789,0.1417,5.9274,20.8648,0.1539,6.3844,20.3695,0.1153,5.0903,16.5396
CrossLinear_CatEmb,0.0003,13.0000,0.1521,0.1981,0.1588,10.2621,0.2883,0.1058,4.0551,12.7506,0.1283,5.3558,19.0072,0.1347,5.5831,18.4807,0.1115,4.9150,15.9542
PhaseFormer,0.001,28.0000,0.1803,0.2201,0.1717,5.8713,0.1649,0.1154,4.4197,13.6518,0.1429,5.9820,20.9414,0.1530,6.3405,20.1868,0.1231,5.4475,17.0187
CATS_CatEmb,0.001,1.0000,0.2741,0.2281,0.1867,19.8553,0.5577,0.1231,4.7227,13.5933,0.1454,6.0525,20.3476,0.1562,6.4567,19.8032,0.1279,5.6127,16.7132
CrossGNN,3e-05,30.0000,0.1825,0.2210,0.1714,20.6176,0.5791,0.1148,4.4008,13.6580,0.1428,5.9707,20.9640,0.1539,6.3783,20.2562,0.1189,5.2539,16.9602
TiDE_CatEmb,0.001,30.0000,0.1567,0.2066,0.1626,16.6596,0.4680,0.1088,4.1632,13.2252,0.1394,5.8299,20.6439,0.1449,6.0011,19.6514,0.1138,5.0153,16.4679
CATS_OneHot,0.003,4.0000,0.2667,0.2494,0.2208,37.3240,1.0484,0.1452,5.6049,15.0405,0.1678,7.0182,21.9634,0.1704,7.0498,20.6440,0.1516,6.7351,18.7381
TimeXer_CatEmb,0.0001,11.0000,0.1894,0.2107,0.1701,6.6666,0.1873,0.1133,4.3599,13.3296,0.1433,5.9957,20.7579,0.1478,6.1400,19.5314,0.1206,5.3331,16.7730
TiDE_PureEndo,3e-05,20.0000,0.1705,0.2148,0.1684,13.6338,0.3830,0.1129,4.3221,13.4634,0.1426,5.9633,20.8692,0.1551,6.4275,20.3132,0.1173,5.1758,16.6698
CrossLinear_Ordinal,3e-05,27.0000,0.1664,0.2074,0.1654,6.3531,0.1785,0.1106,4.2385,13.2590,0.1341,5.6050,19.7871,0.1523,6.3139,20.1407,0.1155,5.0940,16.4491
PMDformer,0.001,30.0000,0.1524,0.2017,0.1606,6.5583,0.1842,0.1077,4.1223,13.2789,0.1384,5.7901,20.6975,0.1486,6.1573,20.0108,0.1125,4.9621,16.3870
CrossGNN,0.0003,23.0000,0.1794,0.2174,0.1683,20.6457,0.5799,0.1127,4.3181,13.5942,0.1418,5.9281,20.9776,0.1542,6.3928,20.3992,0.1172,5.1694,16.8438
CATS_PureEndo,0.0001,3.0000,0.3340,0.2173,0.1712,7.4233,0.2085,0.1146,4.3901,13.5318,0.1423,5.9502,20.8635,0.1547,6.4119,20.2776,0.1176,5.1904,16.6959
SparseTSF_MLP,0.0001,25.0000,0.1806,0.2225,0.1708,6.0217,0.1691,0.1146,4.3881,13.6108,0.1423,5.9533,20.9787,0.1553,6.4392,20.4840,0.1188,5.2508,16.7628
CrossLinear_CatEmb,0.001,6.0000,0.1552,0.1973,0.1589,9.8715,0.2773,0.1058,4.0572,12.7618,0.1285,5.3632,19.0302,0.1345,5.5740,18.5114,0.1111,4.9007,15.9377
TiDE_Ordinal,0.0001,11.0000,0.1696,0.2134,0.1676,12.8162,0.3600,0.1123,4.3014,13.4624,0.1427,5.9688,20.8899,0.1554,6.4400,20.3789,0.1170,5.1608,16.6480
PMDformer,0.003,3.0000,0.1747,0.2172,0.1677,6.3859,0.1794,0.1127,4.3124,13.6221,0.1436,6.0101,21.0789,0.1560,6.4690,20.6066,0.1175,5.1851,16.8237
PatchTST,0.0003,20.0000,0.1594,0.2037,0.1611,8.5178,0.2393,0.1079,4.1320,13.3836,0.1391,5.8211,20.8352,0.1507,6.2490,20.3675,0.1130,4.9829,16.5632
SOFTS,0.0001,22.0000,0.1642,0.2097,0.1665,5.2291,0.1469,0.1116,4.2729,13.4669,0.1414,5.9130,20.8876,0.1527,6.3300,20.2838,0.1168,5.1546,16.7955
STID,0.0001,30.0000,0.1716,0.2123,0.1682,5.3430,0.1501,0.1126,4.3163,13.5198,0.1422,5.9530,20.9484,0.1542,6.3944,20.2599,0.1174,5.1885,16.8228
TiDE_PureEndo,0.003,3.0000,0.2007,0.2459,0.1940,13.7143,0.3852,0.1294,4.9906,13.8280,0.1554,6.5065,20.9551,0.1642,6.8187,20.0919,0.1301,5.7609,16.6804
TQNet,0.001,30.0000,0.1592,0.2099,0.1666,5.2683,0.1480,0.1117,4.2766,13.4361,0.1413,5.9102,20.8268,0.1537,6.3734,20.2511,0.1161,5.1214,16.6615
XLinear_Ordinal,0.0003,14.0000,0.1636,0.2033,0.1654,5.8477,0.1643,0.1102,4.2323,13.0200,0.1344,5.6172,19.7720,0.1410,5.8471,18.8975,0.1151,5.0819,16.1980
STID,0.003,4.0000,0.1962,0.2209,0.1743,5.1194,0.1438,0.1166,4.4677,13.5510,0.1443,6.0347,20.8646,0.1553,6.4387,20.1140,0.1206,5.3266,16.6919
ModernTCN,0.0003,4.0000,0.1440,0.2081,0.1675,7.1153,0.1999,0.1123,4.3029,13.4183,0.1408,5.8899,20.7381,0.1536,6.3667,20.2969,0.1161,5.1281,16.6080
SegRNN,0.0003,15.0000,0.1666,0.2088,0.1664,7.3741,0.2071,0.1116,4.2745,13.6014,0.1418,5.9317,20.9840,0.1533,6.3603,20.4757,0.1196,5.2803,17.0282
SparseTSF_MLP,0.0003,25.0000,0.1791,0.2205,0.1694,6.9292,0.1946,0.1137,4.3544,13.5998,0.1421,5.9448,20.9839,0.1554,6.4444,20.5162,0.1180,5.2116,16.7522
RMLP,0.0001,22.0000,0.1707,0.2159,0.1691,6.7866,0.1906,0.1135,4.3436,13.5057,0.1431,5.9864,20.9131,0.1562,6.4755,20.3941,0.1176,5.1852,16.6690
PatchTST,0.003,7.0000,0.1630,0.2065,0.1642,7.7575,0.2179,0.1100,4.2131,13.4165,0.1404,5.8758,20.8424,0.1521,6.3092,20.3230,0.1156,5.1014,16.6604
PhaseFormer,0.0001,26.0000,0.1842,0.2269,0.1751,5.3932,0.1515,0.1176,4.5055,13.6986,0.1442,6.0343,20.9148,0.1536,6.3663,20.1205,0.1249,5.5305,17.0598
CATS_CatEmb,0.0003,4.0000,0.2698,0.2089,0.1685,19.2504,0.5407,0.1118,4.2796,12.9327,0.1332,5.5496,19.3216,0.1429,5.9108,18.9355,0.1157,5.0933,16.0934
TimeBase,0.0003,4.0000,0.1920,0.2410,0.1812,6.6474,0.1867,0.1222,4.6747,13.6870,0.1437,6.0104,20.3941,0.1554,6.4377,19.6788,0.1210,5.3428,16.1991
iTransformer,0.0001,23.0000,0.1669,0.2100,0.1669,4.8897,0.1374,0.1119,4.2830,13.4732,0.1411,5.8992,20.8730,0.1515,6.2764,20.1803,0.1168,5.1522,16.7637
TimeXer_OneHot,0.003,3.0000,0.1963,0.2118,0.1701,8.1517,0.2290,0.1135,4.3639,13.4636,0.1432,5.9898,20.8844,0.1551,6.4353,20.3687,0.1176,5.1960,16.7165
ModernTCN,0.0001,4.0000,0.1566,0.2080,0.1669,7.3648,0.2069,0.1119,4.2853,13.4106,0.1408,5.8893,20.7997,0.1516,6.2853,20.1514,0.1164,5.1408,16.7093
TiDE_PureEndo,0.001,25.0000,0.1636,0.2117,0.1666,13.5218,0.3798,0.1117,4.2751,13.4580,0.1417,5.9255,20.8338,0.1556,6.4509,20.4709,0.1161,5.1193,16.6205
DAG_Ordinal,0.0003,19.0000,0.2693,0.3400,0.2814,15.0571,0.4230,0.1099,4.2098,13.4048,0.1402,5.8617,20.8530,0.1499,6.2130,20.1290,0.1164,5.1316,16.6381
DAG_PureEndo,0.0003,13.0000,0.1666,0.2083,0.1648,12.0137,0.3375,0.1102,4.2224,13.4146,0.1400,5.8539,20.8287,0.1528,6.3358,20.3416,0.1146,5.0519,16.6760
XLinear_CatEmb,3e-05,28.0000,0.1704,0.2059,0.1651,5.5463,0.1558,0.1102,4.2263,13.2248,0.1371,5.7340,20.3985,0.1416,5.8726,19.0926,0.1160,5.1201,16.4879
TimeBase,3e-05,30.0000,0.1920,0.2412,0.1815,5.5833,0.1568,0.1224,4.6811,13.6838,0.1437,6.0091,20.3795,0.1553,6.4340,19.6734,0.1212,5.3560,16.2104
TimeXer_OneHot,0.001,8.0000,0.1874,0.2044,0.1645,8.9245,0.2507,0.1093,4.2069,12.9321,0.1388,5.8039,20.1391,0.1371,5.6870,18.4183,0.1172,5.1772,16.4023
DLinear,3e-05,22.0000,0.1820,0.2284,0.1744,6.8982,0.1938,0.1171,4.4825,13.4843,0.1441,6.0292,20.6430,0.1545,6.4031,19.7795,0.1186,5.2344,16.2882
CATS_PureEndo,0.001,1.0000,0.3705,0.2299,0.1828,7.3247,0.2058,0.1218,4.6770,13.7977,0.1478,6.1761,21.0410,0.1596,6.6106,20.3208,0.1244,5.4862,17.0754
iTransformer,0.003,6.0000,0.1725,0.2131,0.1700,5.0955,0.1431,0.1139,4.3658,13.6113,0.1442,6.0337,21.0323,0.1562,6.4732,20.4700,0.1194,5.2725,16.9540
CrossLinear_PureEndo,0.0003,7.0000,0.1627,0.2086,0.1657,5.2066,0.1463,0.1111,4.2542,13.4926,0.1413,5.9119,20.8988,0.1540,6.3832,20.3909,0.1167,5.1491,16.7494
Crossformer,0.0003,19.0000,0.1565,0.1997,0.1639,8.1681,0.2294,0.1096,4.1990,13.4230,0.1390,5.8159,20.7609,0.1533,6.3554,20.4573,0.1141,5.0390,16.5931
TiDE_OneHot,0.0003,15.0000,0.1542,0.2045,0.1592,19.9387,0.5601,0.1062,4.0659,12.6944,0.1344,5.6132,19.8696,0.1299,5.3732,17.5965,0.1122,4.9430,16.1510
SeasonalNaive,,,,,,7.3545,0.2066,0.1490,5.6932,17.7530,0.1755,7.3379,24.4069,0.1981,8.2031,24.5747,0.1422,6.2610,19.0990
CATS_PureEndo,0.0003,2.0000,0.3604,0.2184,0.1725,7.4778,0.2101,0.1155,4.4250,13.5226,0.1421,5.9414,20.8247,0.1546,6.4090,20.2173,0.1171,5.1638,16.6224
SOFTS,0.001,6.0000,0.1604,0.2085,0.1656,5.2072,0.1463,0.1111,4.2518,13.4455,0.1408,5.8883,20.8420,0.1533,6.3544,20.2907,0.1159,5.1120,16.7642
DUET,0.001,2.0000,0.1923,0.3222,0.2507,6.0487,0.1699,0.1155,4.4360,13.6594,0.1452,6.0796,21.0974,0.1545,6.4085,20.3659,0.1198,5.2985,16.9498
CrossGNN,0.003,9.0000,0.1793,0.2174,0.1686,21.3905,0.6009,0.1129,4.3263,13.6256,0.1419,5.9331,21.0042,0.1553,6.4379,20.5263,0.1172,5.1728,16.8869
TimeXer_Ordinal,0.0001,20.0000,0.1873,0.2066,0.1688,5.8759,0.1651,0.1123,4.3244,13.2051,0.1387,5.7997,20.1054,0.1527,6.3430,19.8726,0.1196,5.2860,16.4534
TimeXer_Ordinal,0.0003,20.0000,0.1826,0.2030,0.1664,5.8400,0.1640,0.1107,4.2603,13.0276,0.1354,5.6582,19.6583,0.1483,6.1610,19.5195,0.1183,5.2288,16.2890
CrossLinear_PureEndo,0.003,7.0000,0.1593,0.2072,0.1657,5.9363,0.1668,0.1112,4.2574,13.5333,0.1421,5.9500,21.0017,0.1542,6.3947,20.4316,0.1175,5.1880,16.8790
TiDE_Ordinal,0.003,4.0000,0.2002,0.2446,0.1924,12.9194,0.3629,0.1285,4.9499,13.7844,0.1537,6.4371,20.8580,0.1637,6.7973,20.0894,0.1281,5.6704,16.5568
SOFTS,3e-05,19.0000,0.1731,0.2146,0.1698,5.2441,0.1473,0.1139,4.3615,13.6242,0.1433,5.9945,21.0454,0.1546,6.4054,20.3696,0.1193,5.2646,16.9744
