model_name,learning_rate,selected_epoch,train_loss,val_loss,test_loss,test_elapsed_sec,test_ms_per_sample,overall_wmape,overall_mae,overall_rmse,overall_dir_acc_day,overall_corr_day,first_week_wmape,first_week_mae,first_week_rmse
TimeFilter,0.003,4.0000,0.2912,0.2645,0.2053,7.7334,2.1482,0.1385,5.2908,14.6738,0.5950,0.2470,0.1286,4.9496,14.5841
DAG_PureEndo,0.0003,5.0000,0.1827,0.2578,0.2004,5.5708,1.5475,0.1348,5.1520,14.7225,0.5926,0.2247,0.1226,4.7099,14.4917
iTransformer,0.003,12.0000,0.1879,0.2524,0.1950,2.9469,0.8186,0.1313,5.0134,14.7407,0.6111,0.2692,0.1239,4.7638,14.7159
XLinear_PureEndo,0.001,7.0000,0.1770,0.2512,0.1994,2.7861,0.7739,0.1340,5.1336,14.8243,0.6065,0.2506,0.1220,4.6924,14.6160
TiDE_OneHot,0.003,30.0000,0.1504,0.2620,0.1974,9.8733,2.7426,0.1328,5.0690,14.3169,0.6137,0.3715,0.1194,4.5818,13.9899
Crossformer,0.003,1.0000,0.2314,0.2619,0.2268,5.9923,1.6645,0.1497,5.7536,15.4388,0.5903,0.2068,0.1398,5.3933,15.2172
CrossLinear_Ordinal,3e-05,10.0000,0.1890,0.2556,0.1996,3.1625,0.8785,0.1342,5.1335,14.7964,0.6039,0.2462,0.1233,4.7392,14.6121
CATS_CatEmb,3e-05,3.0000,0.4129,0.2634,0.2087,20.8229,5.7841,0.1397,5.3585,15.2229,0.6005,0.2873,0.1231,4.7312,14.5757
DLinear,0.0001,9.0000,0.1932,0.2848,0.2128,2.7181,0.7550,0.1433,5.4695,14.9684,0.5821,0.2034,0.1296,4.9699,14.7476
CrossLinear_Ordinal,0.003,1.0000,0.2075,0.2720,0.2016,3.1030,0.8619,0.1355,5.1829,14.9936,0.5991,0.2494,0.1275,4.9113,14.7534
SOFTS,0.001,7.0000,0.1696,0.2479,0.1899,2.5850,0.7181,0.1280,4.8860,14.6362,0.6078,0.2783,0.1190,4.5721,14.5946
TimeBase,3e-05,30.0000,0.2118,0.2783,0.2067,2.9624,0.8229,0.1402,5.3434,14.7859,0.5641,0.1694,0.1254,4.8129,14.5228
TimeXer_CatEmb,0.0001,5.0000,0.2064,0.2633,0.2107,3.5707,0.9919,0.1413,5.4312,14.9629,0.5995,0.2466,0.1255,4.8398,14.5387
PatchTST,0.0001,20.0000,0.1680,0.2488,0.1941,3.3384,0.9273,0.1308,4.9897,14.6599,0.6025,0.2483,0.1194,4.5828,14.3925
DAG_CatEmb,0.0001,7.0000,0.2672,0.3844,0.3297,9.2131,2.5592,0.1625,6.2233,15.2502,0.5946,0.2358,0.1497,5.7687,14.9367
SegRNN,0.0001,16.0000,0.1930,0.2461,0.1922,3.6071,1.0020,0.1296,4.9470,14.7887,0.6011,0.2376,0.1193,4.5847,14.6565
TimeXer_OneHot,3e-05,12.0000,0.2092,0.2585,0.2045,4.2688,1.1858,0.1375,5.2706,14.7673,0.6024,0.2337,0.1250,4.8174,14.5196
DAG_OneHot,0.001,4.0000,0.2612,0.3544,0.2882,29.5194,8.1998,0.1407,5.3779,14.6674,0.5962,0.2481,0.1302,5.0101,14.4975
TimesFM2p5,,,,,,1261.7391,350.4831,0.1564,6.0258,15.6600,0.5737,0.1128,0.1193,4.5894,14.5856
SparseTSF_MLP,0.001,6.0000,0.1991,0.2591,0.1980,2.7322,0.7589,0.1338,5.1056,14.9175,0.5956,0.2121,0.1191,4.5722,14.5363
DAG_OneHot,0.0003,9.0000,0.2504,0.3619,0.3183,29.5656,8.2127,0.1627,6.2360,15.4961,0.5933,0.2366,0.1486,5.7314,15.2489
CrossGNN,0.0003,1.0000,0.2258,0.2667,0.2000,20.6656,5.7405,0.1347,5.1480,14.6108,0.5992,0.2384,0.1230,4.7288,14.4240
DAG_OneHot,0.003,2.0000,0.2837,0.3632,0.2889,29.6322,8.2312,0.1357,5.1817,14.6085,0.5965,0.2459,0.1254,4.8197,14.5307
STID,0.001,4.0000,0.1985,0.2641,0.2140,2.6203,0.7279,0.1425,5.4813,15.2277,0.5840,0.2011,0.1274,4.9005,14.7365
TQNet,0.0003,7.0000,0.1887,0.2604,0.1988,3.1642,0.8789,0.1336,5.1108,14.7710,0.5971,0.2324,0.1228,4.7221,14.6081
DUET,0.003,1.0000,0.2968,1.0495,1.1351,2.7658,0.7683,0.1412,5.4080,15.0238,0.5994,0.2162,0.1310,5.0489,14.8595
DAG_PureEndo,0.001,5.0000,0.1784,0.2565,0.2021,5.4473,1.5131,0.1360,5.1959,14.7178,0.5969,0.2367,0.1229,4.7204,14.4416
CrossGNN,0.001,4.0000,0.1983,0.2673,0.1998,20.5014,5.6948,0.1343,5.1381,14.6913,0.5960,0.2368,0.1213,4.6609,14.4073
TiDE_CatEmb,3e-05,9.0000,0.1934,0.2822,0.2084,8.2610,2.2947,0.1407,5.3576,14.9230,0.5903,0.2330,0.1291,4.9477,14.7689
Chronos2_NoExo,,,,,,7625.8209,2118.2836,0.1424,5.4606,15.2463,0.5607,0.0596,0.1176,4.5188,14.6008
DAG_PureEndo,0.003,5.0000,0.1771,0.2543,0.1984,5.4981,1.5272,0.1335,5.0987,14.6336,0.5975,0.2428,0.1222,4.6945,14.4485
SeasonalNaive,,,,,,4.3039,1.1955,0.1731,6.5815,19.6265,0.5518,0.1246,0.1613,6.1818,19.3573
TiDE_Ordinal,3e-05,18.0000,0.1846,0.2683,0.2038,6.9301,1.9250,0.1377,5.2437,14.8636,0.5910,0.2334,0.1263,4.8415,14.6926
DAG_Ordinal,0.003,5.0000,0.3033,0.4055,0.3355,6.9843,1.9401,0.1353,5.1735,14.8054,0.5998,0.2447,0.1235,4.7503,14.4722
CrossLinear_CatEmb,0.003,1.0000,0.2052,0.2611,0.2049,5.3105,1.4751,0.1380,5.2774,15.2403,0.5983,0.2434,0.1307,5.0359,15.0222
SOFTS,3e-05,13.0000,0.1944,0.2604,0.1999,2.6647,0.7402,0.1348,5.1485,14.9741,0.6076,0.2378,0.1244,4.7840,14.7707
XLinear_PureEndo,0.0001,18.0000,0.1827,0.2532,0.1947,3.0384,0.8440,0.1313,5.0112,14.7779,0.6096,0.2580,0.1213,4.6648,14.6086
CrossGNN,0.0001,8.0000,0.1964,0.2670,0.1981,20.0209,5.5614,0.1333,5.0942,14.6151,0.5979,0.2427,0.1210,4.6477,14.4186
CrossLinear_PureEndo,0.001,4.0000,0.1742,0.2489,0.1921,3.1510,0.8753,0.1293,4.9410,14.6631,0.6077,0.2671,0.1194,4.5900,14.4907
PhaseFormer,0.001,25.0000,0.2003,0.2594,0.1942,2.6047,0.7235,0.1312,5.0050,14.7393,0.6012,0.2388,0.1188,4.5588,14.5323
CATS_Ordinal,3e-05,2.0000,0.2569,0.2679,0.2048,9.7027,2.6952,0.1372,5.2510,14.8525,0.5984,0.2781,0.1243,4.7780,14.4744
TimeXer_CatEmb,0.001,4.0000,0.2113,0.2495,0.1995,3.2095,0.8915,0.1339,5.1319,14.7505,0.6017,0.2568,0.1227,4.7271,14.5574
TimeFilter,3e-05,11.0000,0.2834,0.2593,0.1986,7.7221,2.1450,0.1340,5.1116,14.6552,0.5992,0.2439,0.1227,4.7084,14.5114
XLinear_PureEndo,0.0003,5.0000,0.1874,0.2512,0.1933,2.8848,0.8013,0.1303,4.9746,14.7329,0.6072,0.2492,0.1211,4.6577,14.5349
XLinear_OneHot,0.0003,7.0000,0.1791,0.2542,0.1944,4.6899,1.3028,0.1307,4.9945,14.5540,0.6029,0.3117,0.1221,4.6906,14.3610
TimeMixer,3e-05,3.0000,0.1865,0.2585,0.1966,75.1056,20.8627,0.1327,5.0658,14.7371,0.6073,0.2468,0.1204,4.6243,14.4813
CATS_OneHot,0.0001,5.0000,0.1958,0.2646,0.2278,48.5606,13.4891,0.1511,5.8086,15.5141,0.5998,0.2754,0.1302,5.0069,14.8114
DAG_PureEndo,3e-05,12.0000,0.1854,0.2566,0.1993,5.7055,1.5849,0.1340,5.1215,14.6785,0.5979,0.2316,0.1210,4.6466,14.4457
CrossLinear_OneHot,3e-05,11.0000,0.1869,0.2559,0.2003,13.3740,3.7150,0.1346,5.1519,14.9887,0.6060,0.2451,0.1240,4.7673,14.6813
CATS_Ordinal,0.0001,2.0000,0.2497,0.2750,0.2226,9.8100,2.7250,0.1471,5.6520,15.1706,0.5905,0.2872,0.1330,5.1232,14.7656
XLinear_CatEmb,0.0001,8.0000,0.1870,0.2570,0.2111,3.5667,0.9908,0.1416,5.4383,15.3343,0.6070,0.2335,0.1271,4.9029,14.8748
TimeXer_OneHot,0.003,4.0000,0.2110,0.2497,0.1967,4.2644,1.1846,0.1321,5.0578,14.5910,0.6039,0.2584,0.1212,4.6649,14.4220
TimeXer_OneHot,0.0001,9.0000,0.2030,0.2572,0.2039,4.2438,1.1788,0.1365,5.2440,14.7417,0.5999,0.2562,0.1224,4.7175,14.3543
Leddam,0.0001,10.0000,0.1740,0.2478,0.1947,2.8757,0.7988,0.1313,5.0127,14.7013,0.6072,0.2545,0.1188,4.5639,14.4099
TimeXer_PureEndo,0.0003,3.0000,0.2168,0.2519,0.1990,3.2048,0.8902,0.1336,5.1155,14.7083,0.6006,0.2382,0.1212,4.6627,14.4860
ModernTCN,0.0003,4.0000,0.1570,0.2511,0.1910,3.1929,0.8869,0.1285,4.9088,14.3927,0.6083,0.2993,0.1189,4.5682,14.2970
CATS_Ordinal,0.003,3.0000,0.4116,0.3526,0.3715,9.3871,2.6075,0.2391,9.0923,25.9997,0.5851,0.1875,0.2320,8.8677,25.9365
PMDformer,3e-05,11.0000,0.1875,0.2568,0.1960,3.3447,0.9291,0.1319,5.0374,14.6311,0.5940,0.2377,0.1202,4.6149,14.3737
iTransformer,0.0003,15.0000,0.1735,0.2517,0.1959,2.9454,0.8182,0.1321,5.0446,14.7349,0.6073,0.2515,0.1211,4.6531,14.6042
TimeXer_PureEndo,0.001,4.0000,0.2109,0.2504,0.1981,3.0458,0.8461,0.1331,5.0961,14.6224,0.6056,0.2658,0.1226,4.7206,14.4787
RMLP,0.001,1.0000,0.2327,0.3128,0.2298,2.8260,0.7850,0.1561,5.9437,15.4949,0.5733,0.1908,0.1443,5.5381,15.2911
TimeBase,0.003,8.0000,0.2098,0.2753,0.2044,2.9488,0.8191,0.1385,5.2785,14.7390,0.5895,0.1949,0.1239,4.7518,14.5351
PhaseFormer,0.0003,11.0000,0.2058,0.2662,0.1985,3.0105,0.8362,0.1341,5.1138,14.7166,0.5823,0.2019,0.1210,4.6445,14.4993
TiDE_Ordinal,0.001,3.0000,0.2267,0.3127,0.2395,6.9313,1.9254,0.1613,6.1858,15.5857,0.5675,0.2062,0.1495,5.7764,15.3739
STID,0.0003,11.0000,0.1882,0.2594,0.2082,2.6030,0.7231,0.1392,5.3448,15.1473,0.5909,0.2035,0.1235,4.7448,14.5684
PETformer,0.003,10.0000,0.1891,0.2477,0.1980,4.1365,1.1490,0.1331,5.0939,15.0114,0.5997,0.2354,0.1195,4.5923,14.6343
PatchTST,0.003,10.0000,0.1729,0.2480,0.1942,3.5162,0.9767,0.1307,4.9946,14.6307,0.6041,0.2661,0.1202,4.6209,14.4620
TiDE_Ordinal,0.003,3.0000,0.3600,0.4388,0.3676,6.9788,1.9385,0.2439,9.5200,19.2886,0.5560,0.1891,0.2355,9.2576,19.1783
CrossLinear_PureEndo,0.0001,6.0000,0.1811,0.2508,0.1945,2.7756,0.7710,0.1312,5.0035,14.7269,0.6069,0.2487,0.1205,4.6308,14.5140
CrossLinear_PureEndo,0.003,4.0000,0.1725,0.2481,0.1945,2.9225,0.8118,0.1308,5.0037,14.7433,0.6060,0.2698,0.1208,4.6474,14.5914
SegRNN,0.0003,7.0000,0.1914,0.2455,0.1913,3.4363,0.9545,0.1288,4.9197,14.7396,0.6036,0.2387,0.1182,4.5407,14.5692
CrossGNN,3e-05,8.0000,0.2009,0.2663,0.1983,20.5246,5.7013,0.1335,5.0999,14.6094,0.6022,0.2478,0.1215,4.6691,14.4100
DAG_CatEmb,3e-05,10.0000,0.2693,0.3845,0.3375,9.1479,2.5411,0.1688,6.4786,15.6077,0.5928,0.2304,0.1558,6.0119,15.1977
DUET,0.001,3.0000,0.2276,0.6141,0.4359,2.9872,0.8298,0.1338,5.1217,14.8945,0.6106,0.2476,0.1235,4.7560,14.6857
CATS_OneHot,0.0003,1.0000,0.3078,0.2799,0.2366,48.3514,13.4309,0.1557,5.9826,15.8023,0.5870,0.2100,0.1400,5.4047,15.5227
SOFTS,0.0001,13.0000,0.1821,0.2530,0.1951,2.5702,0.7140,0.1316,5.0231,14.7713,0.6107,0.2552,0.1209,4.6457,14.6139
CrossLinear_OneHot,0.001,2.0000,0.1868,0.2592,0.2057,13.4830,3.7453,0.1383,5.2947,15.1637,0.5953,0.1977,0.1286,4.9533,14.8370
TimeMixer,0.001,1.0000,0.2230,0.2570,0.1992,75.1687,20.8802,0.1338,5.1223,14.8679,0.6020,0.2510,0.1236,4.7631,14.6865
TimeXer_Ordinal,0.003,4.0000,0.2095,0.2492,0.1960,3.1414,0.8726,0.1317,5.0397,14.5610,0.6058,0.2707,0.1218,4.6902,14.4194
CrossLinear_Ordinal,0.0003,2.0000,0.1951,0.2571,0.1976,3.1800,0.8833,0.1331,5.0820,14.9418,0.6011,0.2204,0.1243,4.7803,14.7090
PETformer,3e-05,28.0000,0.2036,0.2508,0.1970,4.0896,1.1360,0.1327,5.0674,14.8641,0.5833,0.2174,0.1220,4.6858,14.7467
DUET,0.0001,3.0000,0.2269,0.4019,0.3408,2.8912,0.8031,0.1402,5.3690,15.0854,0.6073,0.2467,0.1297,4.9977,14.8715
CrossLinear_OneHot,0.0001,5.0000,0.1874,0.2555,0.2023,13.6030,3.7786,0.1358,5.2004,15.0298,0.6009,0.2181,0.1249,4.8064,14.6510
TimeFilter,0.0003,4.0000,0.2823,0.2582,0.2001,7.7290,2.1470,0.1351,5.1518,14.6659,0.5961,0.2520,0.1243,4.7772,14.5367
STID,0.0001,13.0000,0.1944,0.2639,0.2064,2.6412,0.7337,0.1386,5.3093,15.1453,0.6034,0.2335,0.1249,4.8000,14.7269
PhaseFormer,3e-05,30.0000,0.2160,0.2794,0.2076,2.6842,0.7456,0.1402,5.3496,14.9072,0.5611,0.1451,0.1277,4.9112,14.6878
XLinear_OneHot,3e-05,19.0000,0.1905,0.2607,0.1986,4.2771,1.1881,0.1340,5.1127,14.8962,0.6097,0.2492,0.1228,4.7189,14.6221
CATS_PureEndo,0.0003,3.0000,0.4089,0.2798,0.2191,5.3826,1.4952,0.1464,5.6177,15.1985,0.5980,0.2289,0.1340,5.1651,14.9080
CATS_CatEmb,0.0001,1.0000,0.4387,0.2728,0.2132,20.9476,5.8188,0.1416,5.4322,15.0424,0.5983,0.2692,0.1274,4.8948,14.5487
TimeBase,0.0001,8.0000,0.2108,0.2775,0.2052,3.1102,0.8640,0.1392,5.3039,14.7497,0.5742,0.1873,0.1243,4.7699,14.4952
TiDE_PureEndo,3e-05,26.0000,0.1820,0.2675,0.2033,7.2362,2.0101,0.1372,5.2298,14.8157,0.5906,0.2315,0.1253,4.8057,14.6367
CrossLinear_PureEndo,3e-05,13.0000,0.1833,0.2526,0.1958,3.2011,0.8892,0.1320,5.0369,14.7594,0.6077,0.2516,0.1213,4.6621,14.6000
CrossLinear_CatEmb,0.001,1.0000,0.2089,0.2626,0.2004,5.1582,1.4328,0.1350,5.1541,15.0539,0.6002,0.2406,0.1276,4.9091,14.7547
CATS_PureEndo,3e-05,2.0000,0.4142,0.2647,0.2003,5.5504,1.5418,0.1349,5.1547,14.8543,0.5961,0.2200,0.1230,4.7255,14.5613
TimeXer_Ordinal,3e-05,4.0000,0.2195,0.2607,0.2024,3.1898,0.8861,0.1358,5.2063,14.7972,0.6038,0.2534,0.1238,4.7694,14.5712
CATS_CatEmb,0.003,1.0000,1.5627,0.3273,0.3334,20.8241,5.7845,0.2135,8.3494,19.8414,0.5893,0.2086,0.2106,8.2575,19.7597
DAG_CatEmb,0.001,4.0000,0.2654,0.3718,0.2968,9.3275,2.5910,0.1425,5.4514,14.6907,0.5964,0.2403,0.1325,5.1094,14.5687
TQNet,0.001,4.0000,1.4297,0.2906,0.2248,3.3599,0.9333,0.1502,5.7662,15.1409,0.5897,0.2096,0.1415,5.4695,14.9880
SparseTSF_MLP,3e-05,28.0000,0.2054,0.2690,0.1998,3.0102,0.8362,0.1350,5.1478,14.8453,0.5844,0.2102,0.1213,4.6551,14.5772
TimeFilter,0.001,4.0000,0.2843,0.2586,0.2000,7.8079,2.1689,0.1351,5.1492,14.6567,0.5959,0.2496,0.1243,4.7751,14.5335
CrossLinear_OneHot,0.0003,4.0000,0.1852,0.2559,0.2014,13.3725,3.7146,0.1353,5.1768,14.9724,0.6027,0.2415,0.1262,4.8553,14.7895
XLinear_OneHot,0.0001,7.0000,0.1892,0.2569,0.1976,4.3455,1.2071,0.1332,5.0857,14.9456,0.6100,0.2675,0.1224,4.7068,14.6380
PatchTST,0.001,3.0000,0.1843,0.2487,0.1940,3.4920,0.9700,0.1305,4.9865,14.6957,0.6028,0.2436,0.1193,4.5841,14.4445
PMDformer,0.001,30.0000,0.1479,0.2497,0.1956,3.3141,0.9206,0.1319,5.0261,14.6343,0.6013,0.2661,0.1210,4.6415,14.4279
SegRNN,0.001,5.0000,0.1875,0.2422,0.1891,3.4822,0.9673,0.1273,4.8620,14.6646,0.6059,0.2470,0.1173,4.5078,14.4847
CrossLinear_OneHot,0.003,2.0000,0.1847,0.2642,0.2087,13.6411,3.7892,0.1406,5.3811,15.3236,0.5954,0.2031,0.1304,5.0230,14.9992
DAG_Ordinal,0.0001,15.0000,0.2958,0.4122,0.3417,6.7582,1.8773,0.1428,5.4506,14.7768,0.5948,0.2376,0.1297,4.9867,14.6061
DUET,3e-05,6.0000,0.2223,0.3490,0.2872,2.8957,0.8044,0.1409,5.3964,15.2092,0.6065,0.2382,0.1302,5.0159,14.9876
TiDE_OneHot,3e-05,10.0000,0.1845,0.2722,0.2055,9.8578,2.7383,0.1387,5.2832,14.8854,0.5910,0.2454,0.1277,4.8948,14.6982
Chronos2_FullExo,,,,,,15530.1208,4313.9225,0.1374,5.2696,15.0687,0.5905,0.1702,0.1140,4.3821,14.2725
iTransformer,0.0001,17.0000,0.1812,0.2523,0.1950,2.8038,0.7788,0.1315,5.0201,14.7371,0.6095,0.2433,0.1207,4.6341,14.5167
SegRNN,0.003,6.0000,0.1817,0.2423,0.1917,3.4054,0.9459,0.1289,4.9268,14.7469,0.6043,0.2459,0.1173,4.5051,14.4887
iTransformer,3e-05,27.0000,0.1911,0.2570,0.1982,2.6766,0.7435,0.1336,5.1030,14.8633,0.6089,0.2316,0.1235,4.7465,14.7118
PhaseFormer,0.0001,30.0000,0.2078,0.2710,0.1999,2.5485,0.7079,0.1350,5.1480,14.7765,0.5764,0.1969,0.1221,4.6851,14.5699
iTransformer,0.001,8.0000,0.1816,0.2513,0.1931,3.3012,0.9170,0.1302,4.9719,14.7021,0.6094,0.2527,0.1207,4.6371,14.5634
PatchTST,3e-05,8.0000,0.1911,0.2532,0.1929,3.4561,0.9600,0.1299,4.9574,14.5826,0.6001,0.2457,0.1188,4.5617,14.4182
TiDE_PureEndo,0.0001,27.0000,0.1744,0.2645,0.2015,7.1759,1.9933,0.1361,5.1874,14.7588,0.5912,0.2246,0.1239,4.7527,14.5794
TimeXer_CatEmb,3e-05,8.0000,0.2107,0.2574,0.2047,3.5867,0.9963,0.1371,5.2659,14.8118,0.6018,0.2505,0.1229,4.7387,14.4850
TQNet,0.0001,18.0000,0.1784,0.2587,0.1972,3.0469,0.8464,0.1328,5.0754,14.7410,0.6019,0.2367,0.1213,4.6594,14.5298
XLinear_PureEndo,0.003,2.0000,0.1999,0.2616,0.2032,2.8558,0.7933,0.1366,5.2282,14.8960,0.6094,0.2248,0.1282,4.9374,14.7078
XLinear_CatEmb,0.0003,8.0000,0.1781,0.2549,0.2156,3.3654,0.9348,0.1443,5.5549,15.3835,0.6019,0.2708,0.1308,5.0566,14.9077
TimeBase,0.001,8.0000,0.2098,0.2755,0.2045,3.0329,0.8425,0.1386,5.2827,14.7292,0.5860,0.1907,0.1237,4.7460,14.5075
ModernTCN,0.0001,5.0000,0.1674,0.2506,0.1916,3.0537,0.8483,0.1292,4.9305,14.5046,0.6054,0.2818,0.1185,4.5541,14.3409
CrossLinear_CatEmb,0.0001,2.0000,0.1999,0.2614,0.2027,5.1677,1.4355,0.1361,5.2109,15.0507,0.6007,0.2499,0.1275,4.9121,14.9112
TimerS1,,,,,,25152.6024,6986.8340,0.1379,5.2878,15.1118,0.5583,0.0910,0.1168,4.4871,14.4888
TiDE_CatEmb,0.0003,5.0000,0.1991,0.2884,0.2156,7.9687,2.2135,0.1456,5.5570,14.9765,0.5812,0.2104,0.1331,5.1171,14.8057
Crossformer,0.0001,10.0000,0.1915,0.2439,0.2053,5.8405,1.6224,0.1370,5.2785,15.3976,0.6007,0.2262,0.1280,4.9529,15.2045
TiDE_OneHot,0.001,20.0000,0.1653,0.2749,0.2046,9.8370,2.7325,0.1378,5.2626,14.6142,0.5937,0.2949,0.1259,4.8373,14.3783
DLinear,3e-05,16.0000,0.1904,0.2800,0.2067,2.8939,0.8039,0.1396,5.3182,14.8395,0.5889,0.2282,0.1272,4.8761,14.6655
XLinear_Ordinal,3e-05,21.0000,0.1925,0.2583,0.2092,2.8886,0.8024,0.1405,5.3915,15.2382,0.6082,0.2317,0.1268,4.8824,14.7941
XLinear_Ordinal,0.001,6.0000,0.1797,0.2570,0.2105,3.1641,0.8789,0.1414,5.4209,15.2458,0.5931,0.2281,0.1308,5.0543,14.9071
XLinear_Ordinal,0.0003,9.0000,0.1785,0.2566,0.2059,3.0404,0.8445,0.1383,5.3035,14.9201,0.5989,0.2724,0.1273,4.9153,14.6058
TimeBase,0.0003,8.0000,0.2100,0.2767,0.2047,2.8855,0.8015,0.1387,5.2876,14.7300,0.5804,0.1929,0.1237,4.7467,14.4765
SeasonalMean,,,,,,11.9911,3.3309,0.1485,5.6606,14.9370,0.5875,0.2059,0.1391,5.3490,14.8645
TiDE_CatEmb,0.001,30.0000,0.1772,0.2704,0.2044,8.1445,2.2624,0.1381,5.2616,14.8748,0.5884,0.2244,0.1260,4.8303,14.6972
DLinear,0.003,3.0000,0.7784,0.8534,0.8521,2.9471,0.8186,0.5342,20.6781,31.6886,0.5250,0.0707,0.5389,20.9501,31.9381
PETformer,0.001,11.0000,0.1839,0.2425,0.1897,4.0906,1.1363,0.1278,4.8785,14.5810,0.6046,0.2549,0.1162,4.4631,14.3310
CATS_Ordinal,0.0003,2.0000,0.3227,0.2851,0.2706,9.6937,2.6927,0.1750,6.7523,16.0965,0.5851,0.2425,0.1630,6.2979,15.7214
XLinear_Ordinal,0.003,10.0000,0.1912,0.2627,0.2092,3.2766,0.9102,0.1405,5.3803,15.1702,0.5985,0.2227,0.1317,5.0706,14.8499
TiDE_PureEndo,0.001,2.0000,0.2298,0.3166,0.2427,7.4030,2.0564,0.1634,6.2716,15.5803,0.5669,0.1728,0.1523,5.8918,15.3552
SOFTS,0.0003,6.0000,0.1823,0.2514,0.1936,2.7846,0.7735,0.1304,4.9812,14.7094,0.6090,0.2595,0.1201,4.6150,14.5793
TimeXer_CatEmb,0.0003,14.0000,0.1928,0.2508,0.2047,3.7906,1.0529,0.1375,5.2702,14.8261,0.6031,0.2523,0.1235,4.7588,14.5251
PMDformer,0.003,5.0000,0.2264,0.3375,0.2227,3.3642,0.9345,0.1527,5.7954,15.9784,0.5841,0.2127,0.1428,5.4663,15.8464
DAG_PureEndo,0.0001,5.0000,0.1871,0.2579,0.2009,5.5508,1.5419,0.1350,5.1624,14.6964,0.5922,0.2191,0.1212,4.6564,14.4032
TiDE_PureEndo,0.003,30.0000,0.1850,0.2831,0.2084,7.4094,2.0582,0.1409,5.3657,14.9535,0.5876,0.2180,0.1274,4.8829,14.7407
Crossformer,3e-05,8.0000,0.2043,0.2505,0.2129,5.8475,1.6243,0.1420,5.4761,15.4856,0.5945,0.2269,0.1339,5.1926,15.4323
TimeXer_OneHot,0.0003,3.0000,0.2101,0.2588,0.2030,4.3414,1.2060,0.1360,5.2201,14.7062,0.6015,0.2371,0.1215,4.6798,14.3905
TimeXer_Ordinal,0.0001,3.0000,0.2115,0.2599,0.2064,3.4474,0.9576,0.1384,5.3123,14.8205,0.6037,0.2499,0.1235,4.7622,14.3801
TQNet,3e-05,11.0000,0.1949,0.2632,0.2018,3.0038,0.8344,0.1359,5.1909,14.8770,0.6007,0.2393,0.1265,4.8634,14.7578
TiDE_Ordinal,0.0001,22.0000,0.1753,0.2644,0.2015,6.9488,1.9302,0.1361,5.1873,14.7727,0.5902,0.2305,0.1243,4.7686,14.6028
SOFTS,0.003,4.0000,0.1784,0.2489,0.1917,2.5875,0.7188,0.1293,4.9341,14.5768,0.6066,0.2677,0.1200,4.6115,14.5151
ModernTCN,0.001,2.0000,0.1654,0.2482,0.1895,3.0827,0.8563,0.1275,4.8690,14.3783,0.6052,0.2995,0.1186,4.5583,14.2970
CATS_PureEndo,0.0001,3.0000,0.3564,0.2722,0.2119,5.4404,1.5112,0.1424,5.4485,15.1040,0.5910,0.2144,0.1271,4.8831,14.7319
RMLP,0.0003,3.0000,0.1940,0.2794,0.2105,3.4412,0.9559,0.1425,5.4286,14.9982,0.5849,0.2123,0.1304,5.0025,14.7600
XLinear_CatEmb,0.001,2.0000,0.1906,0.2543,0.2125,3.1741,0.8817,0.1420,5.4616,15.3057,0.6025,0.2403,0.1285,4.9615,14.7589
DUET,0.0003,1.0000,0.2637,0.8784,0.7610,2.8952,0.8042,0.1406,5.3843,15.0548,0.6025,0.2384,0.1315,5.0659,14.9071
TimeXer_Ordinal,0.0003,3.0000,0.2086,0.2637,0.2039,3.1328,0.8702,0.1368,5.2497,14.7785,0.6018,0.2303,0.1225,4.7218,14.4794
TimeXer_OneHot,0.001,4.0000,0.2109,0.2512,0.1980,4.3456,1.2071,0.1330,5.0943,14.6001,0.6040,0.2645,0.1222,4.7045,14.4678
DAG_CatEmb,0.0003,7.0000,0.2610,0.3750,0.3277,9.1571,2.5437,0.1611,6.1802,15.2470,0.5961,0.2440,0.1518,5.8641,15.0272
TiDE_CatEmb,0.0001,9.0000,0.1880,0.2755,0.2061,8.1520,2.2645,0.1392,5.3045,14.9025,0.5858,0.2198,0.1282,4.9213,14.7845
TimeXer_PureEndo,0.0001,9.0000,0.2103,0.2520,0.2019,2.8676,0.7966,0.1354,5.1931,14.7127,0.6016,0.2460,0.1221,4.7006,14.3996
DAG_OneHot,3e-05,19.0000,0.2547,0.3551,0.2777,29.3952,8.1653,0.1370,5.2376,14.7079,0.5948,0.2314,0.1236,4.7503,14.4873
TimeMixer,0.0001,3.0000,0.1751,0.2537,0.1922,75.3550,20.9319,0.1297,4.9492,14.5335,0.6085,0.2690,0.1181,4.5352,14.3285
TimeXer_PureEndo,3e-05,17.0000,0.2135,0.2532,0.2004,3.1064,0.8629,0.1345,5.1540,14.6742,0.6028,0.2446,0.1214,4.6718,14.4154
XLinear_Ordinal,0.0001,10.0000,0.1876,0.2529,0.2083,3.0106,0.8363,0.1397,5.3635,15.0772,0.6033,0.2480,0.1244,4.7943,14.6197
TQNet,0.003,1.0000,0.9190,0.3036,0.2384,3.1970,0.8880,0.1598,6.1282,15.5002,0.5707,0.1686,0.1524,5.8908,15.4489
CATS_Ordinal,0.001,3.0000,0.7811,0.3151,0.3238,9.6280,2.6745,0.2090,8.1772,18.0247,0.5909,0.2092,0.2020,7.9286,17.8405
CATS_CatEmb,0.001,1.0000,0.5307,0.3360,0.3385,21.0044,5.8346,0.2191,8.5012,17.8387,0.5838,0.2000,0.2142,8.3605,17.8017
TiDE_OneHot,0.0001,5.0000,0.1867,0.2707,0.2045,9.8221,2.7284,0.1380,5.2574,14.7486,0.5886,0.2291,0.1288,4.9453,14.6741
PMDformer,0.0001,30.0000,0.1668,0.2507,0.1954,3.2785,0.9107,0.1316,5.0216,14.6271,0.5959,0.2402,0.1202,4.6130,14.3966
DAG_Ordinal,0.001,5.0000,0.3038,0.4056,0.3429,6.6769,1.8547,0.1404,5.3734,14.8945,0.5978,0.2449,0.1293,4.9778,14.6416
TimeMixer,0.003,10.0000,0.1702,0.2568,0.1985,75.4341,20.9539,0.1335,5.1062,14.6814,0.5997,0.2415,0.1203,4.6188,14.4419
TiDE_Ordinal,0.0003,30.0000,0.1737,0.2658,0.2028,6.9784,1.9384,0.1369,5.2182,14.8334,0.5898,0.2255,0.1246,4.7789,14.6390
STID,0.003,4.0000,0.2037,0.2720,0.2171,2.6224,0.7284,0.1445,5.5632,15.1722,0.5837,0.1838,0.1271,4.8847,14.6163
ModernTCN,0.003,5.0000,0.1499,0.2463,0.1876,3.0384,0.8440,0.1262,4.8163,14.3354,0.6089,0.3273,0.1193,4.5867,14.2826
CrossLinear_Ordinal,0.0001,4.0000,0.1903,0.2551,0.1996,3.2525,0.9035,0.1341,5.1313,14.8702,0.6061,0.2565,0.1235,4.7503,14.5887
ModernTCN,3e-05,16.0000,0.1677,0.2485,0.1905,3.3842,0.9401,0.1285,4.9029,14.4940,0.6053,0.2809,0.1180,4.5322,14.3117
DAG_Ordinal,0.0003,7.0000,0.3028,0.4127,0.3457,6.6166,1.8380,0.1430,5.4646,14.8004,0.5925,0.2332,0.1321,5.0761,14.6131
XLinear_CatEmb,3e-05,15.0000,0.1917,0.2613,0.2113,2.9290,0.8136,0.1416,5.4400,15.3493,0.6081,0.2198,0.1265,4.8717,14.8328
Leddam,3e-05,10.0000,0.1838,0.2509,0.1950,2.8959,0.8044,0.1314,5.0195,14.7307,0.6077,0.2540,0.1208,4.6433,14.5457
TiDE_PureEndo,0.0003,3.0000,0.2033,0.2905,0.2158,7.3569,2.0436,0.1456,5.5610,15.0585,0.5766,0.2006,0.1318,5.0630,14.7914
DLinear,0.0003,4.0000,0.2140,0.3025,0.2315,2.8449,0.7902,0.1548,5.9067,15.1308,0.5681,0.1883,0.1421,5.4576,14.8980
CrossLinear_CatEmb,3e-05,7.0000,0.1924,0.2610,0.2021,5.1064,1.4185,0.1359,5.1999,15.0810,0.6001,0.2472,0.1248,4.8012,14.7791
XLinear_PureEndo,3e-05,18.0000,0.1936,0.2594,0.1968,3.0711,0.8531,0.1327,5.0679,14.8416,0.6106,0.2463,0.1219,4.6850,14.6241
CATS_PureEndo,0.001,3.0000,0.3694,0.3192,0.2444,5.2257,1.4516,0.1614,6.1846,16.7456,0.5985,0.2061,0.1522,5.8682,16.4223
TimeFilter,0.0001,5.0000,0.2845,0.2585,0.2011,7.7827,2.1619,0.1356,5.1759,14.7667,0.5950,0.2455,0.1237,4.7529,14.5357
PhaseFormer,0.003,14.0000,0.1999,0.2546,0.1941,2.7076,0.7521,0.1309,4.9981,14.7216,0.5983,0.2370,0.1190,4.5676,14.5002
Leddam,0.003,1.0000,0.2278,0.2669,0.2006,3.3046,0.9179,0.1352,5.1649,14.7778,0.6076,0.2414,0.1255,4.8262,14.7487
CrossLinear_CatEmb,0.0003,2.0000,0.1936,0.2629,0.2022,5.2253,1.4515,0.1360,5.2016,15.1211,0.6004,0.2207,0.1276,4.9073,14.7881
SparseTSF_MLP,0.003,6.0000,0.1985,0.2587,0.1981,2.7863,0.7740,0.1339,5.1105,14.9648,0.5943,0.2090,0.1190,4.5687,14.5694
TimeXer_PureEndo,0.003,4.0000,0.2095,0.2469,0.1963,3.0695,0.8526,0.1319,5.0484,14.6328,0.6053,0.2673,0.1212,4.6673,14.4790
Crossformer,0.001,5.0000,0.1917,0.2416,0.2059,5.9528,1.6536,0.1369,5.2679,15.0528,0.6077,0.2490,0.1262,4.8739,14.8034
Crossformer,0.0003,9.0000,0.1816,0.2382,0.2018,5.8426,1.6229,0.1348,5.1871,15.2060,0.6094,0.2476,0.1210,4.6630,14.7515
CATS_CatEmb,0.0003,2.0000,0.3552,0.2843,0.2618,20.7827,5.7730,0.1704,6.6219,16.0877,0.5949,0.2783,0.1622,6.3224,15.8509
CATS_OneHot,0.001,1.0000,0.4065,0.2968,0.2984,48.0406,13.3446,0.1959,7.5467,17.1199,0.5864,0.1947,0.1894,7.3321,16.9975
TimeXer_CatEmb,0.003,7.0000,0.2068,0.2503,0.1970,3.2524,0.9035,0.1326,5.0708,14.7143,0.6048,0.2667,0.1228,4.7311,14.5805
DLinear,0.001,30.0000,0.1847,0.2833,0.2090,2.8185,0.7829,0.1414,5.3820,14.9446,0.5863,0.2188,0.1279,4.9011,14.7402
PETformer,0.0003,8.0000,0.1930,0.2430,0.1899,4.2008,1.1669,0.1280,4.8866,14.6347,0.6015,0.2437,0.1174,4.5108,14.4254
SparseTSF_MLP,0.0003,8.0000,0.2005,0.2609,0.1989,2.5490,0.7081,0.1345,5.1295,14.9940,0.5949,0.2170,0.1199,4.6020,14.5867
RMLP,3e-05,13.0000,0.1813,0.2714,0.2067,2.8015,0.7782,0.1398,5.3217,14.9896,0.5919,0.2346,0.1266,4.8559,14.6539
CrossGNN,0.003,8.0000,0.1958,0.2625,0.1971,20.3761,5.6600,0.1323,5.0542,14.7036,0.5952,0.2222,0.1200,4.6101,14.4638
RMLP,0.003,1.0000,0.3483,0.3406,0.2523,3.0310,0.8420,0.1715,6.5380,16.1577,0.5651,0.1548,0.1588,6.1050,15.8973
TimeMixer,0.0003,1.0000,0.2044,0.2519,0.1921,75.3766,20.9379,0.1294,4.9402,14.5722,0.6061,0.2679,0.1182,4.5416,14.4284
TiDE_OneHot,0.0003,9.0000,0.1784,0.2697,0.2092,9.8091,2.7247,0.1410,5.3873,14.8490,0.5782,0.2120,0.1297,4.9859,14.6469
CATS_PureEndo,0.003,6.0000,0.4273,0.2990,0.2318,5.5423,1.5395,0.1552,5.9226,15.6852,0.5983,0.2187,0.1461,5.6177,15.4774
SegRNN,3e-05,26.0000,0.1992,0.2514,0.1971,3.3416,0.9282,0.1329,5.0758,14.8970,0.5931,0.2289,0.1240,4.7645,14.8602
STID,3e-05,27.0000,0.1988,0.2693,0.2033,2.6472,0.7353,0.1370,5.2330,14.9719,0.6026,0.2343,0.1254,4.8182,14.7278
XLinear_OneHot,0.001,7.0000,0.1754,0.2516,0.1986,4.3320,1.2033,0.1332,5.1038,14.5678,0.6100,0.3437,0.1232,4.7379,14.3863
Leddam,0.0003,5.0000,0.1752,0.2494,0.1933,2.8839,0.8011,0.1303,4.9748,14.6326,0.6065,0.2653,0.1198,4.6049,14.4882
CrossLinear_Ordinal,0.001,1.0000,0.2114,0.2637,0.1996,3.1937,0.8871,0.1344,5.1299,14.9830,0.5991,0.2530,0.1266,4.8715,14.7400
PMDformer,0.0003,29.0000,0.1542,0.2510,0.1958,3.5507,0.9863,0.1320,5.0323,14.6641,0.5992,0.2503,0.1209,4.6361,14.4291
CrossLinear_PureEndo,0.0003,2.0000,0.1906,0.2498,0.1940,2.8656,0.7960,0.1306,4.9891,14.7470,0.6087,0.2456,0.1206,4.6372,14.6036
Leddam,0.001,7.0000,0.1686,0.2465,0.1921,2.8656,0.7960,0.1295,4.9454,14.5398,0.6110,0.2837,0.1194,4.5863,14.3844
CATS_OneHot,3e-05,2.0000,0.2251,0.2627,0.2203,48.9148,13.5874,0.1463,5.6452,15.3652,0.5968,0.2203,0.1258,4.8445,14.6398
PETformer,0.0001,17.0000,0.1943,0.2439,0.1908,4.2924,1.1923,0.1287,4.9100,14.7326,0.5963,0.2426,0.1172,4.4992,14.5159
PatchTST,0.0003,11.0000,0.1664,0.2475,0.1937,3.4416,0.9560,0.1306,4.9806,14.6105,0.6027,0.2587,0.1199,4.6051,14.4120
DAG_CatEmb,0.003,2.0000,0.2805,0.3711,0.2931,9.3700,2.6028,0.1391,5.3324,14.8624,0.5966,0.2431,0.1283,4.9417,14.6210
SparseTSF_MLP,0.0001,19.0000,0.2012,0.2625,0.1988,2.9411,0.8170,0.1344,5.1257,14.9782,0.5946,0.2232,0.1203,4.6156,14.6442
CATS_OneHot,0.003,10.0000,0.3408,0.4120,0.4464,48.2686,13.4080,0.2792,10.8963,20.6710,0.5809,0.1899,0.2750,10.7469,20.5262
TiDE_CatEmb,0.003,30.0000,0.1601,0.2667,0.2036,8.0421,2.2339,0.1373,5.2389,14.6698,0.6078,0.3122,0.1232,4.7274,14.2858
TimeXer_Ordinal,0.001,4.0000,0.2101,0.2522,0.1984,3.2527,0.9035,0.1334,5.1060,14.6217,0.6042,0.2568,0.1219,4.6899,14.4585
RMLP,0.0001,5.0000,0.1859,0.2704,0.2069,3.2722,0.9090,0.1399,5.3310,14.9758,0.5867,0.2163,0.1273,4.8824,14.6910
XLinear_OneHot,0.003,4.0000,0.1976,0.2632,0.2103,4.6224,1.2840,0.1411,5.3962,14.9997,0.6021,0.2441,0.1340,5.1611,14.9226
DAG_OneHot,0.0001,9.0000,0.2556,0.3581,0.2956,29.7091,8.2525,0.1480,5.6625,15.0832,0.5902,0.2217,0.1331,5.1259,14.8369
XLinear_CatEmb,0.003,3.0000,0.2029,0.2640,0.2144,3.3333,0.9259,0.1434,5.5007,15.2026,0.5979,0.2259,0.1356,5.2350,14.9839
Moirai2,,,,,,28386.7998,7885.2222,0.2039,7.9251,18.4843,0.5405,0.0582,0.1263,4.8640,14.7876
DAG_Ordinal,3e-05,15.0000,0.3037,0.4102,0.3432,6.8013,1.8892,0.1439,5.5024,14.8612,0.5959,0.2294,0.1322,5.0856,14.6767
